basin,year,month,ET_anomaly_mm
Amazon Basin,2002,1,6.160571732830931
Amazon Basin,2002,2,3.6667533946147017
Amazon Basin,2002,3,5.370084007814825
Amazon Basin,2002,4,-4.805485592247791
Amazon Basin,2002,5,9.33035722013723
Amazon Basin,2002,6,-0.8224642349402131
Amazon Basin,2002,7,-8.42689367715991
Amazon Basin,2002,8,-14.862430375723946
Amazon Basin,2002,9,1.058081488298285
Amazon Basin,2002,10,-8.364346949894426
Amazon Basin,2002,11,15.714482695530563
Amazon Basin,2002,12,3.285227316610417
Amazon Basin,2003,1,7.275648283986897
Amazon Basin,2003,2,3.758273055562995
Amazon Basin,2003,3,3.093483240423339
Amazon Basin,2003,4,-4.389110871991576
Amazon Basin,2003,5,10.32068535541589
Amazon Basin,2003,6,-3.375450759079797
Amazon Basin,2003,7,0.6786934255150499
Amazon Basin,2003,8,-0.8628914928492151
Amazon Basin,2003,9,5.548398276841567
Amazon Basin,2003,10,-4.017964160521046
Amazon Basin,2003,11,12.864583064181701
Amazon Basin,2003,12,4.073132534192993
Amazon Basin,2004,1,0.037334542687290195
Amazon Basin,2004,2,5.483651183641044
Amazon Basin,2004,3,3.7692582253527718
Amazon Basin,2004,4,21.085834547159465
Amazon Basin,2004,5,-20.019644994700357
Amazon Basin,2004,6,1.4898837686135806
Amazon Basin,2004,7,-1.9485247334136204
Amazon Basin,2004,8,2.6857639082608387
Amazon Basin,2004,9,-4.812680066305916
Amazon Basin,2004,10,27.67850460484553
Amazon Basin,2004,11,-20.06999365352263
Amazon Basin,2004,12,3.654019571308808
Amazon Basin,2005,1,2.7498450724390295
Amazon Basin,2005,2,3.0165170526103253
Amazon Basin,2005,3,3.961653378560854
Amazon Basin,2005,4,-3.312771856444968
Amazon Basin,2005,5,9.771349964524347
Amazon Basin,2005,6,3.227219764298809
Amazon Basin,2005,7,3.6355309655836976
Amazon Basin,2005,8,-2.8057396912668366
Amazon Basin,2005,9,2.461415774083278
Amazon Basin,2005,10,-6.643130934466228
Amazon Basin,2005,11,9.754976907606832
Amazon Basin,2005,12,-0.31603475945212267
Amazon Basin,2006,1,1.9972905959548655
Amazon Basin,2006,2,3.331384806321651
Amazon Basin,2006,3,3.500413858636932
Amazon Basin,2006,4,-5.746342489652136
Amazon Basin,2006,5,6.182085490093726
Amazon Basin,2006,6,2.921943146918622
Amazon Basin,2006,7,1.2133926782755964
Amazon Basin,2006,8,4.211174093630035
Amazon Basin,2006,9,7.354365969487716
Amazon Basin,2006,10,-4.043824455812313
Amazon Basin,2006,11,13.861479995796586
Amazon Basin,2006,12,4.305463502028928
Amazon Basin,2007,1,8.063089686222611
Amazon Basin,2007,2,6.272647702358356
Amazon Basin,2007,3,5.582230481128718
Amazon Basin,2007,4,-4.885408889181903
Amazon Basin,2007,5,9.649086878451257
Amazon Basin,2007,6,6.253921782587142
Amazon Basin,2007,7,-1.7639050604898614
Amazon Basin,2007,8,-0.6610580297346473
Amazon Basin,2007,9,-6.473259242738521
Amazon Basin,2007,10,-10.601424218493293
Amazon Basin,2007,11,8.7556840532567
Amazon Basin,2007,12,-1.3898660835003227
Amazon Basin,2008,1,-2.3770987002950363
Amazon Basin,2008,2,-1.259691561552728
Amazon Basin,2008,3,-0.12727442104630882
Amazon Basin,2008,4,20.796250947666934
Amazon Basin,2008,5,-23.511882979223742
Amazon Basin,2008,6,-0.2913656380134739
Amazon Basin,2008,7,-0.8187200791460327
Amazon Basin,2008,8,-1.220904382248861
Amazon Basin,2008,9,-0.48241131841452045
Amazon Basin,2008,10,23.524395758189414
Amazon Basin,2008,11,-25.491783767637756
Amazon Basin,2008,12,-1.558877573012893
Amazon Basin,2009,1,-7.017543147049253
Amazon Basin,2009,2,-3.1596116259498075
Amazon Basin,2009,3,-4.951153143819425
Amazon Basin,2009,4,-10.546785321312854
Amazon Basin,2009,5,2.7116355482907153
Amazon Basin,2009,6,-7.989109892012749
Amazon Basin,2009,7,2.834515333384047
Amazon Basin,2009,8,6.344311793762614
Amazon Basin,2009,9,12.437894245184182
Amazon Basin,2009,10,-5.651091231109135
Amazon Basin,2009,11,6.781504323823668
Amazon Basin,2009,12,-2.303729655561227
Amazon Basin,2010,1,3.2557461590203474
Amazon Basin,2010,2,0.3664008588732628
Amazon Basin,2010,3,2.191568402354534
Amazon Basin,2010,4,-5.229547619679735
Amazon Basin,2010,5,5.676903921624529
Amazon Basin,2010,6,0.9422976937721472
Amazon Basin,2010,7,-5.097131792378448
Amazon Basin,2010,8,-4.088547117066867
Amazon Basin,2010,9,-9.007433358526754
Amazon Basin,2010,10,-12.4480113773011
Amazon Basin,2010,11,1.270970711622624
Amazon Basin,2010,12,-7.0544823662540495
Amazon Basin,2011,1,-9.206654783261655
Amazon Basin,2011,2,-7.546319368302292
Amazon Basin,2011,3,-7.392965442456344
Amazon Basin,2011,4,-11.10202808654553
Amazon Basin,2011,5,5.926334838111728
Amazon Basin,2011,6,-2.754265219337796
Amazon Basin,2011,7,-1.9031157247992212
Amazon Basin,2011,8,2.055726725887638
Amazon Basin,2011,9,-3.7573972019181383
Amazon Basin,2011,10,-13.282430581379984
Amazon Basin,2011,11,5.416809595580432
Amazon Basin,2011,12,-3.05547955350697
Amazon Basin,2012,1,-9.577766155308652
Amazon Basin,2012,2,-6.829807890089029
Amazon Basin,2012,3,-2.333323043900222
Amazon Basin,2012,4,14.490248196785927
Amazon Basin,2012,5,-23.13930497494661
Amazon Basin,2012,6,-1.7616041990034716
Amazon Basin,2012,7,0.7382392310055792
Amazon Basin,2012,8,6.128052036801364
Amazon Basin,2012,9,-0.3424825632681916
Amazon Basin,2012,10,19.501437316405244
Amazon Basin,2012,11,-26.57887413388262
Amazon Basin,2012,12,-0.9337961452803825
Amazon Basin,2013,1,-1.2544184852999507
Amazon Basin,2013,2,-4.4366969358857915
Amazon Basin,2013,3,-3.5095937084062996
Amazon Basin,2013,4,-6.923425163366346
Amazon Basin,2013,5,3.0302868344852953
Amazon Basin,2013,6,-5.0686373988918945
Amazon Basin,2013,7,-0.27413558716698105
Amazon Basin,2013,8,-3.17350952053728
Amazon Basin,2013,9,4.011951175988486
Amazon Basin,2013,10,-9.089153857118717
Amazon Basin,2013,11,3.138945599765904
Amazon Basin,2013,12,-4.464477831358394
Amazon Basin,2014,1,-3.09641161528981
Amazon Basin,2014,2,-7.327556615570032
Amazon Basin,2014,3,-5.12687571499994
Amazon Basin,2014,4,-8.913803523991731
Amazon Basin,2014,5,2.2211594812037845
Amazon Basin,2014,6,1.1410181971600792
Amazon Basin,2014,7,2.907028587772132
Amazon Basin,2014,8,4.737515553814617
Amazon Basin,2014,9,2.6728664780348623
Amazon Basin,2014,10,-7.921798540212109
Amazon Basin,2014,11,6.621420158564547
Amazon Basin,2014,12,-1.6648271766926825
Amazon Basin,2015,1,-2.7376608056991074
Amazon Basin,2015,2,-5.988738712138712
Amazon Basin,2015,3,-2.953049149369818
Amazon Basin,2015,4,-12.907294410080468
Amazon Basin,2015,5,5.875516383791307
Amazon Basin,2015,6,2.6742436911178515
Amazon Basin,2015,7,3.645378927182776
Amazon Basin,2015,8,6.065505135335073
Amazon Basin,2015,9,8.628805779313765
Amazon Basin,2015,10,-4.540449991769265
Amazon Basin,2015,11,12.822549366592682
Amazon Basin,2015,12,5.898095623138332
Amazon Basin,2016,1,2.758220174295232
Amazon Basin,2016,2,4.950883362606149
Amazon Basin,2016,3,2.2630358106245723
Amazon Basin,2016,4,24.085224149667013
Amazon Basin,2016,5,-21.364144420904083
Amazon Basin,2016,6,-0.6843258855269738
Amazon Basin,2016,7,-0.9061539185463516
Amazon Basin,2016,8,-0.5898171844271616
Amazon Basin,2016,9,0.7946772921105065
Amazon Basin,2016,10,25.087267961909575
Amazon Basin,2016,11,-22.869871025260778
Amazon Basin,2016,12,0.18613124992307917
Amazon Basin,2017,1,-4.734990366367896
Amazon Basin,2017,2,-3.559244928503716
Amazon Basin,2017,3,-2.391430481151815
Amazon Basin,2017,4,-10.378818676162169
Amazon Basin,2017,5,7.2822506354387855
Amazon Basin,2017,6,4.170515038335012
Amazon Basin,2017,7,6.44155945325366
Amazon Basin,2017,8,-0.8485733562320661
Amazon Basin,2017,9,-4.32331333555824
Amazon Basin,2017,10,-7.038378288351254
Amazon Basin,2017,11,7.584934849625768
Amazon Basin,2017,12,0.9923447142113133
Amazon Basin,2018,1,1.661411633371273
Amazon Basin,2018,2,1.9086805711688726
Amazon Basin,2018,3,-0.361993462377626
Amazon Basin,2018,4,-7.194276079187915
Amazon Basin,2018,5,9.481805094092508
Amazon Basin,2018,6,3.2461144373861828
Amazon Basin,2018,7,1.63607122002513
Amazon Basin,2018,8,2.4600605394852835
Amazon Basin,2018,9,4.6868889986623685
Amazon Basin,2018,10,-5.436117597150329
Amazon Basin,2018,11,6.3670576684477425
Amazon Basin,2018,12,5.493559530942207
Amazon Basin,2019,1,-0.185632460870508
Amazon Basin,2019,2,0.9751482244127487
Amazon Basin,2019,3,-0.0660849477260399
Amazon Basin,2019,4,-6.563092045141076
Amazon Basin,2019,5,9.626073694231692
Amazon Basin,2019,6,2.6040929315074237
Amazon Basin,2019,7,-1.1301522004354325
Amazon Basin,2019,8,-0.7220174619252475
Amazon Basin,2019,9,-3.2305170720537575
Amazon Basin,2019,10,-8.318064337244707
Amazon Basin,2019,11,6.139532043383923
Amazon Basin,2019,12,-3.779371281692832
Amazon Basin,2020,1,3.996808083588107
Amazon Basin,2020,2,5.462333035011369
Amazon Basin,2020,3,0.12045557542705865
Amazon Basin,2020,4,18.980707271105885
Amazon Basin,2020,5,-20.507399551543116
Amazon Basin,2020,6,-1.8523268095785994
Amazon Basin,2020,7,0.1317232447903791
Amazon Basin,2020,8,3.804123206529681
Amazon Basin,2020,9,-5.212691545118517
Amazon Basin,2020,10,21.213401562984615
Amazon Basin,2020,11,-26.27344132776379
Amazon Basin,2020,12,-2.5528305250897034
Amazon Basin,2021,1,-2.594850783659595
Amazon Basin,2021,2,-3.928848815248088
Amazon Basin,2021,3,-3.066639866999239
Amazon Basin,2021,4,-10.239428373572906
Amazon Basin,2021,5,9.553976476483811
Amazon Basin,2021,6,-6.793794741652178
Amazon Basin,2021,7,-2.58704389333019
Amazon Basin,2021,8,-5.052252912563162
Amazon Basin,2021,9,2.1487146087605566
Amazon Basin,2021,10,-9.090708720854124
Amazon Basin,2021,11,4.025582359717859
Amazon Basin,2021,12,-3.397634115128483
Amazon Basin,2022,1,0.36792526884507026
Amazon Basin,2022,2,-2.020674056645248
Amazon Basin,2022,3,0.5952952990465405
Amazon Basin,2022,4,-6.567872097458064
Amazon Basin,2022,5,8.25989927271661
Amazon Basin,2022,6,-3.0039773082398114
Amazon Basin,2022,7,-2.772669062716261
Amazon Basin,2022,8,-4.073486173624602
Amazon Basin,2022,9,-2.4157704713699246
Amazon Basin,2022,10,-10.338556511997695
Amazon Basin,2022,11,10.111906504667743
Amazon Basin,2022,12,-0.5415887469299321
Amazon Basin,2023,1,-1.4699722920169762
Amazon Basin,2023,2,2.464548763953502
Amazon Basin,2023,3,0.06407780367835869
Amazon Basin,2023,4,-6.031410626502435
Amazon Basin,2023,5,10.389890196942687
Amazon Basin,2023,6,2.4528556924759215
Amazon Basin,2023,7,2.889775121092896
Amazon Basin,2023,8,4.880285698047231
Amazon Basin,2023,9,4.874555615701155
Amazon Basin,2023,10,-9.845836646353831
Amazon Basin,2023,11,10.64218089329978
Amazon Basin,2023,12,0.17451880661249675
Amazon Basin,2024,1,5.929108361876871
Amazon Basin,2024,2,4.399968498750553
Amazon Basin,2024,3,1.7688272992046166
Amazon Basin,2024,4,26.298636610134167
Amazon Basin,2024,5,-16.746920364718036
Amazon Basin,2024,6,3.2732159421041302
Amazon Basin,2024,7,0.8765375417016514
Amazon Basin,2024,8,-4.411290993354768
Amazon Basin,2024,9,-16.62065952719456
Amazon Basin,2024,10,19.666281195695205
Amazon Basin,2024,11,-20.59063688339765
Amazon Basin,2024,12,4.950502964491307
California,2002,1,-1.287090397333941
California,2002,2,-1.7070739460879238
California,2002,3,-1.6729483481806682
California,2002,4,-3.39011090565657
California,2002,5,-1.1991577062292507
California,2002,6,-0.5871819815608177
California,2002,7,-0.30194745575339255
California,2002,8,-3.647282419832429
California,2002,9,-1.911768655155928
California,2002,10,-1.730466589581031
California,2002,11,0.4731595344906019
California,2002,12,0.3912223984631247
California,2003,1,1.0087466508269394
California,2003,2,0.9537048250537481
California,2003,3,1.3947866447676276
California,2003,4,-1.3162092709854178
California,2003,5,5.405433232245336
California,2003,6,3.415033448548911
California,2003,7,-0.41908928239033827
California,2003,8,3.955983879273262
California,2003,9,0.06124536931873337
California,2003,10,-3.1860152934173787
California,2003,11,3.0013060588207026
California,2003,12,0.20471181852511577
California,2004,1,0.3984767968726075
California,2004,2,1.7622933909988419
California,2004,3,1.277489653153097
California,2004,4,4.212429929387447
California,2004,5,-9.748798059431444
California,2004,6,1.6482060024181138
California,2004,7,3.4514328712081728
California,2004,8,0.37612452280018616
California,2004,9,0.4678099967316527
California,2004,10,7.783047000400792
California,2004,11,0.20822671892117484
California,2004,12,1.9064229610717582
California,2005,1,3.7340303846107012
California,2005,2,9.038260821196868
California,2005,3,5.948040718560733
California,2005,4,1.4995996659958237
California,2005,5,11.762694538496604
California,2005,6,7.682165491643232
California,2005,7,3.7528195616753486
California,2005,8,2.2071883812902087
California,2005,9,3.4976810175484268
California,2005,10,1.6450836130224467
California,2005,11,1.261664099676171
California,2005,12,-0.20877160887479462
California,2006,1,-0.7054258124866379
California,2006,2,-2.452775695198774
California,2006,3,2.1925527445632085
California,2006,4,3.107986606217132
California,2006,5,8.854503919966469
California,2006,6,3.4563883905971196
California,2006,7,0.3285663235439493
California,2006,8,2.8577457920211735
California,2006,9,1.6611124455017219
California,2006,10,-0.35532217610180616
California,2006,11,0.47338352070297063
California,2006,12,-1.6525280642250895
California,2007,1,-3.0762921407249166
California,2007,2,-2.0065036393742126
California,2007,3,-3.5155468446237883
California,2007,4,-5.456644879649957
California,2007,5,-1.6876228561216777
California,2007,6,-3.063717055094699
California,2007,7,0.12437547516016778
California,2007,8,1.237867491801456
California,2007,9,2.822072168591788
California,2007,10,-0.5267943154579307
California,2007,11,-0.8837009616001854
California,2007,12,-0.365647258157221
California,2008,1,-0.1197290680010461
California,2008,2,1.2444356695657923
California,2008,3,-2.4277280565790633
California,2008,4,2.250818745464265
California,2008,5,-11.800856231696457
California,2008,6,-4.377965719457741
California,2008,7,0.8615811134216145
California,2008,8,-1.8212039312083732
California,2008,9,-1.951486378130486
California,2008,10,2.0964270837676544
California,2008,11,-2.918951582590605
California,2008,12,0.3482195398684844
California,2009,1,-1.49399761202654
California,2009,2,1.1763555998639745
California,2009,3,-1.5228228772118015
California,2009,4,-5.7116501217824975
California,2009,5,-0.22725792845876214
California,2009,6,2.737333399857576
California,2009,7,-1.9796898896720059
California,2009,8,-1.2698328776260404
California,2009,9,-2.8711877366726384
California,2009,10,1.1080688394649414
California,2009,11,-0.19657101651107212
California,2009,12,0.21258146204847606
California,2010,1,0.9140781172526182
California,2010,2,3.532581142012077
California,2010,3,-0.5295625496400547
California,2010,4,-1.2694722824331706
California,2010,5,3.184634463865521
California,2010,6,6.975005774857948
California,2010,7,8.072819273760107
California,2010,8,4.304813561141952
California,2010,9,3.2032838831316894
California,2010,10,1.5391704344853103
California,2010,11,2.23778490981093
California,2010,12,1.4604964909378602
California,2011,1,1.597217077786656
California,2011,2,-0.3846903518782838
California,2011,3,3.3129037994804236
California,2011,4,-0.2578978863041783
California,2011,5,4.278060745861531
California,2011,6,7.492261896860903
California,2011,7,13.815991443730855
California,2011,8,6.14773140089811
California,2011,9,2.5411757417265513
California,2011,10,1.042985219814085
California,2011,11,2.0308446514711704
California,2011,12,-2.7481940984639355
California,2012,1,-4.2277166940533135
California,2012,2,-3.3652596526530303
California,2012,3,-4.389986692083003
California,2012,4,7.022320489963398
California,2012,5,-9.59469342492645
California,2012,6,0.36916591856181213
California,2012,7,3.8758371254814996
California,2012,8,-2.7436626969193654
California,2012,9,-1.4379474822868517
California,2012,10,5.519642520172646
California,2012,11,-2.2121348608935296
California,2012,12,1.6760296603133469
California,2013,1,-0.6294945705205457
California,2013,2,-1.8105930793766483
California,2013,3,-2.5843512103595287
California,2013,4,-5.84142348122149
California,2013,5,-1.3733597806618363
California,2013,6,-3.0247598524980503
California,2013,7,0.9453002911064097
California,2013,8,4.516274513768813
California,2013,9,1.4791443270586342
California,2013,10,-1.6846943438264415
California,2013,11,0.4382091170657034
California,2013,12,-3.3996576205084352
California,2014,1,-6.756183625644061
California,2014,2,-2.895952963697205
California,2014,3,-5.616917783187944
California,2014,4,-5.772171929762312
California,2014,5,-3.016631166667274
California,2014,6,-5.686926085829754
California,2014,7,-3.987429992514052
California,2014,8,2.602046948517085
California,2014,9,-0.48527514493833124
California,2014,10,-1.7407417881008342
California,2014,11,1.2109542123933572
California,2014,12,2.273117294980157
California,2015,1,1.7057526554287854
California,2015,2,0.9194499840494821
California,2015,3,-3.199425144587252
California,2015,4,-6.124743177350922
California,2015,5,0.8677137207790295
California,2015,6,-6.434001538037329
California,2015,7,4.382762450818479
California,2015,8,-0.02269905758441837
California,2015,9,-1.5382505557858615
California,2015,10,-1.3895630571946924
California,2015,11,0.9059725474005411
California,2015,12,-0.9492343209873937
California,2016,1,1.5984815405528607
California,2016,2,-0.4359486951838143
California,2016,3,2.532652981314939
California,2016,4,10.17907592616001
California,2016,5,-4.991638752560945
California,2016,6,-3.3474794909566583
California,2016,7,-0.8845110933354938
California,2016,8,-2.6272367060162196
California,2016,9,-0.9808452637491598
California,2016,10,5.343545274070486
California,2016,11,-2.6920893049109793
California,2016,12,1.469923920653141
California,2017,1,1.415707044328169
California,2017,2,3.0988006767446734
California,2017,3,4.420445637854222
California,2017,4,-0.4078421642912531
California,2017,5,5.975166349128813
California,2017,6,0.0030253615572490844
California,2017,7,-5.681423728606543
California,2017,8,-3.645513969066016
California,2017,9,3.441875999445408
California,2017,10,-3.4934272196396456
California,2017,11,1.8900200767273354
California,2017,12,-4.733593024771267
California,2018,1,-1.5096656318185708
California,2018,2,-4.440889578421142
California,2018,3,-1.9740748719411485
California,2018,4,-4.682278021860082
California,2018,5,6.355757685807696
California,2018,6,0.20418204699035414
California,2018,7,-6.423115541730549
California,2018,8,-2.9050123463161484
California,2018,9,-1.1562827390523793
California,2018,10,-2.2685727817677943
California,2018,11,-1.8338707663088876
California,2018,12,0.6749032534808279
California,2019,1,1.9131040072784735
California,2019,2,1.6341409547951748
California,2019,3,4.007063242272864
California,2019,4,2.5262498960218522
California,2019,5,11.299521704649884
California,2019,6,6.085885431811882
California,2019,7,4.651969771275173
California,2019,8,-0.13841359785774898
California,2019,9,3.008386895540962
California,2019,10,-3.5847147375445285
California,2019,11,0.02135621199643012
California,2019,12,3.090748297804101
California,2020,1,1.4562754294393514
California,2020,2,-2.474959886307577
California,2020,3,2.6250169569339477
California,2020,4,12.214916748950486
California,2020,5,-8.160074385033553
California,2020,6,1.2776958350794914
California,2020,7,-0.4341576691646658
California,2020,8,-3.537656817220004
California,2020,9,-7.1219596363175235
California,2020,10,-0.4033416502943954
California,2020,11,-4.99920833091047
California,2020,12,-2.3078932988359817
California,2021,1,-1.0653905627751392
California,2021,2,-3.7937589413955735
California,2021,3,-4.7422853117485
California,2021,4,-8.642220891148146
California,2021,5,-5.299673932251515
California,2021,6,-10.920479034258673
California,2021,7,-8.876034321779407
California,2021,8,-4.756173254774872
California,2021,9,-4.084888594042198
California,2021,10,0.36146310326192577
California,2021,11,2.728276410567414
California,2021,12,0.7946762656602324
California,2022,1,0.5288696703180129
California,2022,2,-2.6548651420548843
California,2022,3,-3.7314806259946387
California,2022,4,-7.407936778036422
California,2022,5,-5.404660959328872
California,2022,6,-6.090007128267374
California,2022,7,-4.137763587191124
California,2022,8,-4.826117268759205
California,2022,9,-0.2598170844448866
California,2022,10,-4.817034692497378
California,2022,11,1.8421039297035335
California,2022,12,1.6516050649545981
California,2023,1,1.9106003195937866
California,2023,2,1.0588026837517752
California,2023,3,3.494930839311607
California,2023,4,0.2776348931008741
California,2023,5,11.604334960450217
California,2023,6,5.303074603663845
California,2023,7,0.03515659627828782
California,2023,8,6.107517242548454
California,2023,9,5.5598289517892745
California,2023,10,-1.7048408417333967
California,2023,11,1.011107604675086
California,2023,12,0.26773440285909444
California,2024,1,2.6896464210957873
California,2024,2,4.004445823596729
California,2024,3,4.7012470979248135
California,2024,4,12.989568889221111
California,2024,5,-7.0833961378830494
California,2024,6,-3.1169057164873593
California,2024,7,-11.173449735322531
California,2024,8,-2.3724887908797747
California,2024,9,-3.9439075258085374
California,2024,10,0.44609639869692685
California,2024,11,-3.997842780697418
California,2024,12,-0.056873536796199886
Colorado,2002,1,-1.8765025330326175
Colorado,2002,2,-7.1284151179732795
Colorado,2002,3,-6.00915276656421
Colorado,2002,4,-5.726413504452907
Colorado,2002,5,-6.3625135616222295
Colorado,2002,6,-5.780828311960054
Colorado,2002,7,-5.9746641849668265
Colorado,2002,8,-7.029832371057324
Colorado,2002,9,0.13669781733892528
Colorado,2002,10,-1.7253219179400148
Colorado,2002,11,1.4341697977166135
Colorado,2002,12,1.097074775414164
Colorado,2003,1,-2.0305406186311927
Colorado,2003,2,2.496073859753043
Colorado,2003,3,0.09146172697702681
Colorado,2003,4,-2.4520032705512556
Colorado,2003,5,-0.7747476428148801
Colorado,2003,6,-0.876365040679131
Colorado,2003,7,-4.691041591965206
Colorado,2003,8,-1.4297119390858093
Colorado,2003,9,-2.388804269019831
Colorado,2003,10,-4.776350715916398
Colorado,2003,11,3.3857988746851504
Colorado,2003,12,-0.687123265830202
Colorado,2004,1,0.9775238100003101
Colorado,2004,2,1.5712115182526176
Colorado,2004,3,-4.1501148970423145
Colorado,2004,4,1.7670914194599785
Colorado,2004,5,-5.394960559873937
Colorado,2004,6,-1.4813639384141943
Colorado,2004,7,-3.0726116716458307
Colorado,2004,8,-2.186383642971837
Colorado,2004,9,-1.9699391585758654
Colorado,2004,10,5.956285278428616
Colorado,2004,11,2.410952196735902
Colorado,2004,12,2.2976238719752047
Colorado,2005,1,2.7606098831275467
Colorado,2005,2,8.896121860849572
Colorado,2005,3,5.243846078598175
Colorado,2005,4,1.6672516272123605
Colorado,2005,5,4.568907156456799
Colorado,2005,6,2.789127129246795
Colorado,2005,7,-2.0514595973195036
Colorado,2005,8,1.076360957155451
Colorado,2005,9,-2.0576489325527803
Colorado,2005,10,-0.06909478520670298
Colorado,2005,11,-1.8370468866924785
Colorado,2005,12,-3.1848345676568766
Colorado,2006,1,-3.3488949910168238
Colorado,2006,2,-7.137902737948327
Colorado,2006,3,3.039113061932376
Colorado,2006,4,-4.679299056250645
Colorado,2006,5,-3.706196213525441
Colorado,2006,6,-2.6489974816000874
Colorado,2006,7,-1.5686751320989885
Colorado,2006,8,-0.11063516028285747
Colorado,2006,9,1.205733132943962
Colorado,2006,10,2.444304728886692
Colorado,2006,11,0.3603536764980859
Colorado,2006,12,0.4076364629656055
Colorado,2007,1,0.8641342748043996
Colorado,2007,2,-0.6817047708808062
Colorado,2007,3,-3.981712129143798
Colorado,2007,4,-1.3261983945712412
Colorado,2007,5,-0.3113111475943082
Colorado,2007,6,-2.452810053559242
Colorado,2007,7,-1.7137261754584365
Colorado,2007,8,-1.7955504769657296
Colorado,2007,9,-1.8370873664819456
Colorado,2007,10,-3.311045800707385
Colorado,2007,11,-4.137341036021692
Colorado,2007,12,-0.13406871013443578
Colorado,2008,1,0.5360269221743685
Colorado,2008,2,0.5313662828767747
Colorado,2008,3,-1.1562741821405567
Colorado,2008,4,0.6253822328399075
Colorado,2008,5,-2.5605865913792734
Colorado,2008,6,-1.3433383992982524
Colorado,2008,7,0.5167958135264712
Colorado,2008,8,-0.01444914893967919
Colorado,2008,9,-2.128010763346939
Colorado,2008,10,-0.8936896983987985
Colorado,2008,11,-4.080877821123284
Colorado,2008,12,1.15444094505472
Colorado,2009,1,-0.07856086765163184
Colorado,2009,2,-1.9769717357512846
Colorado,2009,3,-1.8151147072186085
Colorado,2009,4,-0.822049328393069
Colorado,2009,5,1.258171386123621
Colorado,2009,6,4.1586715372558185
Colorado,2009,7,-1.748761984903492
Colorado,2009,8,-5.183676858319421
Colorado,2009,9,-2.5084751911360463
Colorado,2009,10,-0.4378542831713137
Colorado,2009,11,-2.3116410318499803
Colorado,2009,12,-0.25979269026588625
Colorado,2010,1,1.5719476700394317
Colorado,2010,2,5.115815712786812
Colorado,2010,3,3.471934552949172
Colorado,2010,4,0.19997344277790674
Colorado,2010,5,2.484789206740107
Colorado,2010,6,2.1044569138956692
Colorado,2010,7,1.8819709030992229
Colorado,2010,8,1.4386196600775314
Colorado,2010,9,-1.8536458570393446
Colorado,2010,10,0.9369800758831346
Colorado,2010,11,1.440036977790868
Colorado,2010,12,-0.456611213822427
Colorado,2011,1,-1.035662121742316
Colorado,2011,2,-1.8198839514488725
Colorado,2011,3,-1.00526982722074
Colorado,2011,4,2.3666467817935395
Colorado,2011,5,4.179059588998687
Colorado,2011,6,-0.8873629986792366
Colorado,2011,7,2.035448566899287
Colorado,2011,8,-1.3863114229257683
Colorado,2011,9,1.389349635011822
Colorado,2011,10,-2.4254951067806765
Colorado,2011,11,3.702053054463345
Colorado,2011,12,1.4986859951326785
Colorado,2012,1,-3.887404999514544
Colorado,2012,2,0.12836247927642574
Colorado,2012,3,-4.998982732938998
Colorado,2012,4,-1.0196300854095846
Colorado,2012,5,-6.868886677319468
Colorado,2012,6,-4.450574466155043
Colorado,2012,7,-0.4783421636958316
Colorado,2012,8,-2.3320406233728086
Colorado,2012,9,-2.339524783616227
Colorado,2012,10,-0.7195048818346148
Colorado,2012,11,-4.719117448936432
Colorado,2012,12,0.05463894246007328
Colorado,2013,1,-0.29245917664503907
Colorado,2013,2,-1.1041250394935105
Colorado,2013,3,-3.8655009081893468
Colorado,2013,4,-0.9358861750413396
Colorado,2013,5,-1.305673607003781
Colorado,2013,6,-3.195275938374161
Colorado,2013,7,0.22875880800215498
Colorado,2013,8,2.440028710442032
Colorado,2013,9,4.861122940059964
Colorado,2013,10,0.580341710716965
Colorado,2013,11,4.63815215070402
Colorado,2013,12,0.6656648679933426
Colorado,2014,1,-3.817818633532145
Colorado,2014,2,-1.3629737134429618
Colorado,2014,3,-2.9934689059771245
Colorado,2014,4,-1.6249785701502297
Colorado,2014,5,-0.6625263806628681
Colorado,2014,6,-2.5385575891847427
Colorado,2014,7,1.1027821352563656
Colorado,2014,8,2.800397614557294
Colorado,2014,9,3.351810221063115
Colorado,2014,10,-0.7698030064125856
Colorado,2014,11,1.329973295083402
Colorado,2014,12,2.803802600974695
Colorado,2015,1,3.0212592236859237
Colorado,2015,2,-0.48150054500046124
Colorado,2015,3,-5.610618890460255
Colorado,2015,4,-1.2110854874659296
Colorado,2015,5,7.8366535360294876
Colorado,2015,6,4.288162805070746
Colorado,2015,7,5.39294127357952
Colorado,2015,8,1.46485484621574
Colorado,2015,9,1.2041554965331098
Colorado,2015,10,2.445789279778875
Colorado,2015,11,2.9614852191841727
Colorado,2015,12,0.5338824938596325
Colorado,2016,1,1.260364908924256
Colorado,2016,2,-4.255040460597542
Colorado,2016,3,-1.6619023175118848
Colorado,2016,4,8.756450271471001
Colorado,2016,5,-0.6926886478645553
Colorado,2016,6,2.0235757005051465
Colorado,2016,7,0.5547687982728604
Colorado,2016,8,1.7684464825692423
Colorado,2016,9,1.7015447360171727
Colorado,2016,10,2.839642074034604
Colorado,2016,11,-3.406771290881853
Colorado,2016,12,2.4549984751496012
Colorado,2017,1,2.3102420777383905
Colorado,2017,2,4.10571812520465
Colorado,2017,3,0.2861438001379035
Colorado,2017,4,-0.8240256048690213
Colorado,2017,5,3.467926320827125
Colorado,2017,6,0.5385197835152997
Colorado,2017,7,3.297822258612893
Colorado,2017,8,1.2718827262511354
Colorado,2017,9,1.3490941713303464
Colorado,2017,10,-3.700771614466019
Colorado,2017,11,-1.620136784949132
Colorado,2017,12,-6.111981477285138
Colorado,2018,1,-4.596069069488607
Colorado,2018,2,-2.542635686558686
Colorado,2018,3,-2.024783608601332
Colorado,2018,4,-5.15071717007716
Colorado,2018,5,-1.9125767248663745
Colorado,2018,6,-2.1025508579572154
Colorado,2018,7,-1.5193880578982224
Colorado,2018,8,-1.841727515934167
Colorado,2018,9,-0.19338514946849372
Colorado,2018,10,4.982072244654738
Colorado,2018,11,0.6527513300533343
Colorado,2018,12,0.22280643470026007
Colorado,2019,1,2.1247472444794013
Colorado,2019,2,3.7640265758306413
Colorado,2019,3,5.278259090545472
Colorado,2019,4,3.0672782121341395
Colorado,2019,5,9.615969261722903
Colorado,2019,6,4.345991612758228
Colorado,2019,7,3.721368344694426
Colorado,2019,8,1.2089764543752182
Colorado,2019,9,2.0887961629510627
Colorado,2019,10,-1.9329373928310538
Colorado,2019,11,1.1364293995666586
Colorado,2019,12,2.766887410323598
Colorado,2020,1,1.5876197766774993
Colorado,2020,2,0.37352789817348153
Colorado,2020,3,8.978617769701863
Colorado,2020,4,5.194679766279892
Colorado,2020,5,-3.1729510244780084
Colorado,2020,6,1.6120773016741854
Colorado,2020,7,-1.8960154016726385
Colorado,2020,8,-5.575440033160156
Colorado,2020,9,-4.973423294835358
Colorado,2020,10,-1.767492243488416
Colorado,2020,11,-3.1500711445712
Colorado,2020,12,-2.6373502902628445
Colorado,2021,1,-0.1595415314149058
Colorado,2021,2,-3.0065263981470522
Colorado,2021,3,-0.8978674308861123
Colorado,2021,4,-2.6443186062437807
Colorado,2021,5,-2.679494188369203
Colorado,2021,6,-1.6900822315248263
Colorado,2021,7,3.7627163753149695
Colorado,2021,8,4.560125247500125
Colorado,2021,9,2.1788607059259455
Colorado,2021,10,2.181061881851564
Colorado,2021,11,-0.9100262842577767
Colorado,2021,12,0.08711015305867775
Colorado,2022,1,-0.6949687365815116
Colorado,2022,2,-3.000122361768323
Colorado,2022,3,-1.5143309932623445
Colorado,2022,4,-2.9310995655508076
Colorado,2022,5,-1.3462562838874135
Colorado,2022,6,0.2538373446439781
Colorado,2022,7,3.880508554073444
Colorado,2022,8,8.273903647724296
Colorado,2022,9,5.8990056342573425
Colorado,2022,10,1.0106414626955864
Colorado,2022,11,4.78777798175344
Colorado,2022,12,1.9435190708920125
Colorado,2023,1,2.097219045544456
Colorado,2023,2,4.828911517844393
Colorado,2023,3,8.213243497518306
Colorado,2023,4,1.4199252491171546
Colorado,2023,5,6.4693867487150065
Colorado,2023,6,5.863758388329037
Colorado,2023,7,-0.21076561500548507
Colorado,2023,8,2.3491663041112076
Colorado,2023,9,0.4800175981555128
Colorado,2023,10,-1.9497817854914459
Colorado,2023,11,1.8543763996043978
Colorado,2023,12,-0.9603795979174841
Colorado,2024,1,2.706728442055379
Colorado,2024,2,2.6866666881627026
Colorado,2024,3,7.082474718797368
Colorado,2024,4,6.283025815941114
Colorado,2024,5,-2.1294939543519558
Colorado,2024,6,1.4699287904913003
Colorado,2024,7,-1.450430254701132
Colorado,2024,8,0.23299654203629316
Colorado,2024,9,-3.596243485515439
Colorado,2024,10,1.1020244957146552
Colorado,2024,11,-3.92128062455558
Colorado,2024,12,-3.556630686778975
Congo,2002,1,-7.977958719132317
Congo,2002,2,-7.703388659218376
Congo,2002,3,-0.5207496287102771
Congo,2002,4,-9.979259100623423
Congo,2002,5,-1.3581799830109418
Congo,2002,6,-7.9764585305076565
Congo,2002,7,-6.338627780027679
Congo,2002,8,-1.6688745991727103
Congo,2002,9,-1.8106086621703383
Congo,2002,10,-11.924586531222772
Congo,2002,11,4.809405874306776
Congo,2002,12,-3.661983361398299
Congo,2003,1,-1.8858734069457057
Congo,2003,2,-0.1637741429715618
Congo,2003,3,-3.4593726001668017
Congo,2003,4,-7.221136867240446
Congo,2003,5,3.082396850695929
Congo,2003,6,-3.6861756420722855
Congo,2003,7,-1.0220311140412122
Congo,2003,8,-5.0744502161089
Congo,2003,9,-5.826983712123621
Congo,2003,10,-8.825658609409814
Congo,2003,11,1.1305804797259071
Congo,2003,12,-4.005322145994256
Congo,2004,1,-5.397706619005376
Congo,2004,2,-5.094333402092957
Congo,2004,3,-9.124311522163765
Congo,2004,4,20.720787573571698
Congo,2004,5,-26.499315778400018
Congo,2004,6,-6.980182141812762
Congo,2004,7,-7.244657632753629
Congo,2004,8,-3.8890831793975593
Congo,2004,9,-3.307368631711185
Congo,2004,10,17.849282891237763
Congo,2004,11,-20.05075443677545
Congo,2004,12,-3.9218050506387243
Congo,2005,1,-5.270809157932916
Congo,2005,2,-1.1944748037241482
Congo,2005,3,-0.23366213419151904
Congo,2005,4,-10.074913048730508
Congo,2005,5,3.05100467235647
Congo,2005,6,-7.5864556087435915
Congo,2005,7,-4.385463172647675
Congo,2005,8,0.464543512916876
Congo,2005,9,-5.170440071016671
Congo,2005,10,-8.884290175560238
Congo,2005,11,0.7264712655257171
Congo,2005,12,-7.517562685133882
Congo,2006,1,-0.3582643903441891
Congo,2006,2,-1.2936077755030766
Congo,2006,3,-1.590489872795061
Congo,2006,4,-9.032907990600819
Congo,2006,5,3.13068397058602
Congo,2006,6,-0.7578811039677618
Congo,2006,7,-5.221680885922197
Congo,2006,8,-2.4683677083546343
Congo,2006,9,-0.5290909719544175
Congo,2006,10,-9.313025585124194
Congo,2006,11,4.503992412905831
Congo,2006,12,-4.7042947311385035
Congo,2007,1,-6.0206704985743755
Congo,2007,2,-7.373942743545001
Congo,2007,3,-1.0801387688516826
Congo,2007,4,-11.128916996086588
Congo,2007,5,3.4344773730284146
Congo,2007,6,-1.626398249567643
Congo,2007,7,-1.790964135169844
Congo,2007,8,1.0939066729392266
Congo,2007,9,0.5748198332665027
Congo,2007,10,-6.241666618217991
Congo,2007,11,4.9942844297748366
Congo,2007,12,-3.748692664565965
Congo,2008,1,-8.327600617132589
Congo,2008,2,-9.030775021051383
Congo,2008,3,-2.610796016159753
Congo,2008,4,21.252127093732838
Congo,2008,5,-26.50826084656883
Congo,2008,6,-3.723603604553432
Congo,2008,7,-5.401128839500032
Congo,2008,8,-3.376603873853284
Congo,2008,9,-6.6423324090009
Congo,2008,10,14.871612780496278
Congo,2008,11,-22.826448733001428
Congo,2008,12,-1.3385493672896445
Congo,2009,1,-0.8073203329027905
Congo,2009,2,3.4843158260322156
Congo,2009,3,-2.984007359375198
Congo,2009,4,-5.9272970013608415
Congo,2009,5,5.699131541638337
Congo,2009,6,-0.5994373520464791
Congo,2009,7,1.7994345863751988
Congo,2009,8,-3.7047899953835213
Congo,2009,9,-1.5718454962829327
Congo,2009,10,-8.329580209981032
Congo,2009,11,7.229324195560295
Congo,2009,12,-5.445511959248918
Congo,2010,1,2.1832910023573646
Congo,2010,2,5.41260983058514
Congo,2010,3,4.990654882516097
Congo,2010,4,-5.659701814956705
Congo,2010,5,11.620565191100013
Congo,2010,6,1.6497256158306044
Congo,2010,7,1.440159503597755
Congo,2010,8,-1.5750446111545955
Congo,2010,9,0.062164004956940744
Congo,2010,10,-10.072869447857173
Congo,2010,11,4.62833321642735
Congo,2010,12,1.8185306420016474
Congo,2011,1,-0.9987059138613859
Congo,2011,2,0.5320860730652583
Congo,2011,3,-3.2202027968000237
Congo,2011,4,-10.703047376365902
Congo,2011,5,7.789278291697229
Congo,2011,6,-1.5897936702640436
Congo,2011,7,0.4774284230335297
Congo,2011,8,-2.8803669790343065
Congo,2011,9,-1.18332511235036
Congo,2011,10,-5.626187686612411
Congo,2011,11,8.636100269494548
Congo,2011,12,-2.9331898367827165
Congo,2012,1,-7.513676923077838
Congo,2012,2,-5.653749365565858
Congo,2012,3,-8.236451058937718
Congo,2012,4,15.497423189188183
Congo,2012,5,-25.931089415352062
Congo,2012,6,-3.8213225431843654
Congo,2012,7,0.7344523119127615
Congo,2012,8,2.5207324426647517
Congo,2012,9,0.4998240187147047
Congo,2012,10,19.808266097951815
Congo,2012,11,-16.59636749864447
Congo,2012,12,4.044211149695968
Congo,2013,1,1.8975164754570812
Congo,2013,2,4.206603600353915
Congo,2013,3,5.137336041459207
Congo,2013,4,-8.097115960893944
Congo,2013,5,10.150278871489917
Congo,2013,6,-2.947389095431731
Congo,2013,7,-3.149435763961961
Congo,2013,8,-2.92173252531515
Congo,2013,9,1.294435308465225
Congo,2013,10,-6.138022026743869
Congo,2013,11,4.508550521436931
Congo,2013,12,0.6679817937007186
Congo,2014,1,-1.2477082454424675
Congo,2014,2,3.752459314473498
Congo,2014,3,3.0728576959378415
Congo,2014,4,-5.61003030851559
Congo,2014,5,9.943386790185272
Congo,2014,6,4.314790329098557
Congo,2014,7,2.482740848658466
Congo,2014,8,4.507380893249177
Congo,2014,9,2.050062896786102
Congo,2014,10,-6.646037928493314
Congo,2014,11,7.646356826917469
Congo,2014,12,0.7581025243635793
Congo,2015,1,1.6030092440967252
Congo,2015,2,-0.7848420811601358
Congo,2015,3,-0.6108139180425809
Congo,2015,4,-7.852358422601256
Congo,2015,5,9.772720862178616
Congo,2015,6,2.824602687377066
Congo,2015,7,7.299298603600803
Congo,2015,8,4.381182882649981
Congo,2015,9,2.05394836064454
Congo,2015,10,-6.46364120345514
Congo,2015,11,9.582272034251147
Congo,2015,12,3.6741646262338747
Congo,2016,1,1.892275387922922
Congo,2016,2,-0.9187273634804995
Congo,2016,3,4.098617033423281
Congo,2016,4,23.56528366161166
Congo,2016,5,-16.30749096895879
Congo,2016,6,2.8499846965620463
Congo,2016,7,-0.43394129294557615
Congo,2016,8,2.799479676148792
Congo,2016,9,1.7840203081268555
Congo,2016,10,20.550857658156403
Congo,2016,11,-20.10314239870425
Congo,2016,12,3.3283055542080433
Congo,2017,1,2.665127968546571
Congo,2017,2,3.883496256383822
Congo,2017,3,3.147384568517026
Congo,2017,4,-7.018193405264668
Congo,2017,5,13.066826089044213
Congo,2017,6,2.1164230621869393
Congo,2017,7,4.478675072994719
Congo,2017,8,0.3764742206122662
Congo,2017,9,1.9770971119187237
Congo,2017,10,-4.320504564664972
Congo,2017,11,10.372461685280967
Congo,2017,12,-1.8531262675110156
Congo,2018,1,4.816197429755007
Congo,2018,2,2.9494715136260936
Congo,2018,3,7.6858885613713
Congo,2018,4,-4.0924016494530235
Congo,2018,5,13.646632712880177
Congo,2018,6,6.955744890423958
Congo,2018,7,6.993909421645796
Congo,2018,8,4.7458060953405266
Congo,2018,9,3.3281312145588373
Congo,2018,10,-2.818225948328447
Congo,2018,11,8.24751939184479
Congo,2018,12,0.7201283339670255
Congo,2019,1,4.6766652573622025
Congo,2019,2,5.888932204016825
Congo,2019,3,3.6394297921909953
Congo,2019,4,-6.303608752146346
Congo,2019,5,9.188948363045455
Congo,2019,6,2.7143885625613393
Congo,2019,7,0.8630910139309265
Congo,2019,8,4.8198594778117325
Congo,2019,9,2.7141556560391393
Congo,2019,10,-4.822309658953273
Congo,2019,11,9.918962037668877
Congo,2019,12,6.2899537306231394
Congo,2020,1,7.495241676414224
Congo,2020,2,6.643473215182581
Congo,2020,3,1.1520118866990998
Congo,2020,4,25.247098892417895
Congo,2020,5,-15.79344265598722
Congo,2020,6,5.060262385557721
Congo,2020,7,0.5491359141681613
Congo,2020,8,2.1193517030080216
Congo,2020,9,0.9957562889740359
Congo,2020,10,21.531137721022375
Congo,2020,11,-16.567954173778546
Congo,2020,12,5.252822811061122
Congo,2021,1,6.883445659514521
Congo,2021,2,0.34497981853333215
Congo,2021,3,2.011660706960143
Congo,2021,4,-6.855098875843609
Congo,2021,5,10.536780199932608
Congo,2021,6,6.58238608095796
Congo,2021,7,0.6060245286155066
Congo,2021,8,3.753026019462922
Congo,2021,9,4.527569996220862
Congo,2021,10,-2.6075506351630793
Congo,2021,11,9.053256383182415
Congo,2021,12,1.2728036532991212
Congo,2022,1,3.1543747216153264
Congo,2022,2,-0.7770897234019856
Congo,2022,3,-2.284275001177434
Congo,2022,4,-7.582407923206745
Congo,2022,5,6.839408131852053
Congo,2022,6,3.0728768733218033
Congo,2022,7,3.8680570056974943
Congo,2022,8,-0.47551042565210366
Congo,2022,9,0.2972421818393798
Congo,2022,10,-8.853479468567869
Congo,2022,11,5.55499291951007
Congo,2022,12,0.6103552342442811
Congo,2023,1,4.474434491140045
Congo,2023,2,3.4851469404470947
Congo,2023,3,-1.17858096712024
Congo,2023,4,-7.809098114685639
Congo,2023,5,13.033310630740047
Congo,2023,6,3.4186156105684375
Congo,2023,7,8.377061121651991
Congo,2023,8,2.452318448189189
Congo,2023,9,5.858826133067467
Congo,2023,10,-3.3814204352335224
Congo,2023,11,12.581733718812089
Congo,2023,12,4.978848095493362
Congo,2024,1,4.06471551016989
Congo,2024,2,-0.5948695109850206
Congo,2024,3,2.198010475417121
Congo,2024,4,24.664773198053666
Congo,2024,5,-21.58805089417288
Congo,2024,6,-0.2647032522945949
Congo,2024,7,-4.981537738913175
Congo,2024,8,-5.999237931566853
Congo,2024,9,-1.9760582469690178
Congo,2024,10,20.657899584724376
Congo,2024,11,-17.979930421721946
Congo,2024,12,5.713829920809786
Danube,2002,1,0.4784847925552924
Danube,2002,2,1.1207371520448994
Danube,2002,3,-3.5361149111789807
Danube,2002,4,-7.407176027478435
Danube,2002,5,4.588172782764715
Danube,2002,6,-4.643212483733777
Danube,2002,7,-7.68912348627255
Danube,2002,8,4.703575926599427
Danube,2002,9,-2.9271194665477793
Danube,2002,10,-1.934085008834714
Danube,2002,11,1.1973737333645644
Danube,2002,12,-2.3754447487170065
Danube,2003,1,-2.3502766793442245
Danube,2003,2,-2.5108882373819412
Danube,2003,3,0.08450971827265619
Danube,2003,4,-8.966380614198478
Danube,2003,5,6.003331224390635
Danube,2003,6,0.6873980949822283
Danube,2003,7,-9.36549717854831
Danube,2003,8,-10.495066497978286
Danube,2003,9,-5.645506701438997
Danube,2003,10,-4.015226113669378
Danube,2003,11,1.068650453789047
Danube,2003,12,0.4610432512329474
Danube,2004,1,-1.9816512362289558
Danube,2004,2,0.020387429867017914
Danube,2004,3,2.1960817865291986
Danube,2004,4,11.323050766987265
Danube,2004,5,-21.056154736939625
Danube,2004,6,-3.6151798159239092
Danube,2004,7,-1.398628568894651
Danube,2004,8,8.202668624079166
Danube,2004,9,1.8485552025067449
Danube,2004,10,5.117590094496499
Danube,2004,11,-4.687262795705674
Danube,2004,12,0.40260187594905616
Danube,2005,1,1.245374465612727
Danube,2005,2,-4.455106084266241
Danube,2005,3,0.9794178384668157
Danube,2005,4,-6.700046131131479
Danube,2005,5,4.901871193853694
Danube,2005,6,-1.9828899249619383
Danube,2005,7,4.981630549250312
Danube,2005,8,6.06629763593007
Danube,2005,9,6.085871997099993
Danube,2005,10,-0.7587407146892389
Danube,2005,11,0.34343635289358687
Danube,2005,12,-0.8201561667354067
Danube,2006,1,-0.47053582404518934
Danube,2006,2,-0.7992631131918451
Danube,2006,3,3.7592442153021537
Danube,2006,4,-3.9469671658322625
Danube,2006,5,0.8684381238611678
Danube,2006,6,-3.114957140350498
Danube,2006,7,6.643363468717297
Danube,2006,8,0.08457330814925967
Danube,2006,9,7.201446418914806
Danube,2006,10,-0.29981045813676843
Danube,2006,11,1.6422082099546849
Danube,2006,12,1.2036415004297893
Danube,2007,1,2.8117279258371966
Danube,2007,2,1.2398697129702363
Danube,2007,3,-1.751985707922266
Danube,2007,4,-4.40403376002574
Danube,2007,5,3.435751351849987
Danube,2007,6,-4.287821268322688
Danube,2007,7,-17.934825115322155
Danube,2007,8,-9.710691687496947
Danube,2007,9,0.009909991873350066
Danube,2007,10,-3.4217498724372923
Danube,2007,11,0.41778733095830134
Danube,2007,12,-1.306587861274494
Danube,2008,1,0.19585796671041322
Danube,2008,2,1.9233878218785563
Danube,2008,3,0.02601329925226281
Danube,2008,4,14.440713220355022
Danube,2008,5,-7.012136401877228
Danube,2008,6,1.2929487827375823
Danube,2008,7,-1.8620517347022485
Danube,2008,8,2.414639291824969
Danube,2008,9,-7.920637672760627
Danube,2008,10,5.720562082331686
Danube,2008,11,-3.7546351064998635
Danube,2008,12,0.2925612487107472
Danube,2009,1,-0.3918462774890372
Danube,2009,2,-0.5925437174350705
Danube,2009,3,0.9433722144490915
Danube,2009,4,-4.419126771832886
Danube,2009,5,6.734474481057461
Danube,2009,6,-9.079987845390775
Danube,2009,7,5.127818839324647
Danube,2009,8,-0.28704494581413087
Danube,2009,9,-0.8945386852729627
Danube,2009,10,-2.660410742178012
Danube,2009,11,2.270587628661559
Danube,2009,12,-0.7962117974247658
Danube,2010,1,-1.7384322508816332
Danube,2010,2,-0.5573433740373659
Danube,2010,3,1.999990397419971
Danube,2010,4,-3.57069967645581
Danube,2010,5,2.0825484027582064
Danube,2010,6,2.6429334283470354
Danube,2010,7,11.015662911255589
Danube,2010,8,8.667499494216713
Danube,2010,9,0.4356219942321289
Danube,2010,10,-3.7314783498859896
Danube,2010,11,2.5783128547650094
Danube,2010,12,-1.0664404727428671
Danube,2011,1,-1.7574197635315318
Danube,2011,2,-0.6150714584452821
Danube,2011,3,1.2286095121066225
Danube,2011,4,-6.946522837708301
Danube,2011,5,6.919816091108046
Danube,2011,6,-1.339772208746112
Danube,2011,7,1.4194448582475303
Danube,2011,8,9.780405638787514
Danube,2011,9,2.5468442125209236
Danube,2011,10,-4.1951439439631635
Danube,2011,11,1.7364693570783274
Danube,2011,12,1.5305354505403344
Danube,2012,1,0.9568275883825201
Danube,2012,2,-3.385838655687891
Danube,2012,3,-2.5948066495315487
Danube,2012,4,12.511151902949003
Danube,2012,5,-16.414563800616904
Danube,2012,6,10.236464443204625
Danube,2012,7,-7.374888073552384
Danube,2012,8,-12.424258986140032
Danube,2012,9,-4.512463291618403
Danube,2012,10,3.4085384323596806
Danube,2012,11,-3.272829386486144
Danube,2012,12,-0.7577896683174341
Danube,2013,1,-0.36755458021878695
Danube,2013,2,-0.9075107101440878
Danube,2013,3,1.0036556045721312
Danube,2013,4,0.18857229176590806
Danube,2013,5,5.352370074997282
Danube,2013,6,0.17993687336779374
Danube,2013,7,6.916192678116772
Danube,2013,8,-8.331507941092994
Danube,2013,9,-4.82478002597847
Danube,2013,10,0.6314882392447103
Danube,2013,11,1.5876105920182866
Danube,2013,12,0.8665263463793291
Danube,2014,1,0.1191535207339669
Danube,2014,2,0.7033385511298924
Danube,2014,3,-0.7491845554573828
Danube,2014,4,-1.7083376479573218
Danube,2014,5,3.839049021126499
Danube,2014,6,-4.969232504092929
Danube,2014,7,0.6069757985841733
Danube,2014,8,4.714913158397692
Danube,2014,9,3.2951005572853447
Danube,2014,10,0.8784262245413359
Danube,2014,11,0.9459305603085753
Danube,2014,12,-0.21498627322504404
Danube,2015,1,-0.42514409372434514
Danube,2015,2,0.6099384718707839
Danube,2015,3,-0.02262486444038103
Danube,2015,4,-6.6378330422415885
Danube,2015,5,8.09562978414506
Danube,2015,6,0.40947581388175536
Danube,2015,7,0.9792445004393358
Danube,2015,8,-6.721577064365462
Danube,2015,9,0.19841090123235716
Danube,2015,10,-1.622839771401651
Danube,2015,11,2.7118808069699334
Danube,2015,12,0.46829713664198813
Danube,2016,1,-0.44761807028754674
Danube,2016,2,0.2986043732863912
Danube,2016,3,1.6537973717540453
Danube,2016,4,15.237542392386054
Danube,2016,5,-11.161768898488447
Danube,2016,6,1.983837700454103
Danube,2016,7,5.241131148464007
Danube,2016,8,7.853279854015966
Danube,2016,9,2.5013921274575353
Danube,2016,10,2.873441665179172
Danube,2016,11,-4.061619542684625
Danube,2016,12,1.4469874039610282
Danube,2017,1,-1.5851139026676542
Danube,2017,2,2.1372403751210527
Danube,2017,3,1.4069440216053266
Danube,2017,4,-8.269946527069564
Danube,2017,5,8.566016782451683
Danube,2017,6,6.880914061711707
Danube,2017,7,1.4937320598584591
Danube,2017,8,-4.413167219024388
Danube,2017,9,-3.8259708337166884
Danube,2017,10,-1.3921890540007524
Danube,2017,11,0.5850315906438937
Danube,2017,12,0.4931174576471893
Danube,2018,1,0.9030626468687863
Danube,2018,2,-2.927999683815756
Danube,2018,3,3.0314800762731906
Danube,2018,4,9.045409565556973
Danube,2018,5,19.207097282636084
Danube,2018,6,-7.278817269260472
Danube,2018,7,6.139855165746539
Danube,2018,8,7.229339077778505
Danube,2018,9,1.393439391259129
Danube,2018,10,-1.8498416640500857
Danube,2018,11,1.6233673183942585
Danube,2018,12,-0.41925112141337983
Danube,2019,1,-0.9295770372167702
Danube,2019,2,2.628778880547422
Danube,2019,3,-1.6189530887826962
Danube,2019,4,-5.534813509066716
Danube,2019,5,-2.7282357279941465
Danube,2019,6,16.718145392619306
Danube,2019,7,1.2621191328829298
Danube,2019,8,5.2640434663028515
Danube,2019,9,-2.4804757644063358
Danube,2019,10,-1.0204004226078176
Danube,2019,11,1.5080691524503145
Danube,2019,12,1.0783078249478706
Danube,2020,1,1.6996126958594573
Danube,2020,2,0.7143383045346887
Danube,2020,3,-3.7326563320661634
Danube,2020,4,6.420013378658311
Danube,2020,5,-22.828936996088366
Danube,2020,6,-4.33111989730979
Danube,2020,7,6.834400584670206
Danube,2020,8,9.19176268398816
Danube,2020,9,6.687884602691398
Danube,2020,10,4.56803514227137
Danube,2020,11,-3.788652599016549
Danube,2020,12,-1.3279289485568402
Danube,2021,1,-0.30657883593922364
Danube,2021,2,0.8991245319651249
Danube,2021,3,-1.0843947505643357
Danube,2021,4,-8.83765374612728
Danube,2021,5,-0.5802209193495571
Danube,2021,6,7.364813771538024
Danube,2021,7,3.9579227531323937
Danube,2021,8,1.2675380413644604
Danube,2021,9,2.215016020474529
Danube,2021,10,-3.1513005141660777
Danube,2021,11,1.7926650191632056
Danube,2021,12,-1.060631600508156
Danube,2022,1,1.5593938988265599
Danube,2022,2,0.7069544149152165
Danube,2022,3,-5.679948026846979
Danube,2022,4,-8.697618098969528
Danube,2022,5,10.035066372468762
Danube,2022,6,4.660790388830108
Danube,2022,7,-12.887921138805297
Danube,2022,8,-13.056814466803942
Danube,2022,9,-1.6807614475101573
Danube,2022,10,1.0217852451649385
Danube,2022,11,0.9144436359426251
Danube,2022,12,-0.1785220301029078
Danube,2023,1,0.2747733667325356
Danube,2023,2,0.7183324860238756
Danube,2023,3,-0.24087765677690243
Danube,2023,4,-4.442075318816826
Danube,2023,5,4.8216220004425026
Danube,2023,6,-4.512087985483419
Danube,2023,7,2.2843126759482857
Danube,2023,8,3.0602546811931575
Danube,2023,9,6.569577430707682
Danube,2023,10,-0.5144911889932082
Danube,2023,11,1.1317277658331726
Danube,2023,12,1.319891160310572
Danube,2024,1,2.5074796834554185
Danube,2024,2,3.0305325282503084
Danube,2024,3,2.6984304875641953
Danube,2024,4,21.322777356253695
Danube,2024,5,-13.669237488557442
Danube,2024,6,-3.9025804080976485
Danube,2024,7,-6.390871828540668
Danube,2024,8,-13.06066207391163
Danube,2024,9,-6.27681695900538
Danube,2024,10,6.347840693424693
Danube,2024,11,-4.490552932796538
Danube,2024,12,0.7604400322674287
Ganges / Brahmaputra Basin,2002,1,-2.980085804366073
Ganges / Brahmaputra Basin,2002,2,-2.3191230858023246
Ganges / Brahmaputra Basin,2002,3,-3.8843090413653414
Ganges / Brahmaputra Basin,2002,4,-3.5620508543223224
Ganges / Brahmaputra Basin,2002,5,0.0526682306995383
Ganges / Brahmaputra Basin,2002,6,-1.7628278619201723
Ganges / Brahmaputra Basin,2002,7,-23.10728380125554
Ganges / Brahmaputra Basin,2002,8,-14.007002551113231
Ganges / Brahmaputra Basin,2002,9,-12.627014293383127
Ganges / Brahmaputra Basin,2002,10,-7.672612207521539
Ganges / Brahmaputra Basin,2002,11,-0.8997654255687024
Ganges / Brahmaputra Basin,2002,12,-4.295872554417979
Ganges / Brahmaputra Basin,2003,1,-5.5707042458406555
Ganges / Brahmaputra Basin,2003,2,-2.8623114144564568
Ganges / Brahmaputra Basin,2003,3,-0.88411068284843
Ganges / Brahmaputra Basin,2003,4,-4.103661962552646
Ganges / Brahmaputra Basin,2003,5,-1.748745269416986
Ganges / Brahmaputra Basin,2003,6,-3.360601774229451
Ganges / Brahmaputra Basin,2003,7,4.806935839268448
Ganges / Brahmaputra Basin,2003,8,3.8182861548862945
Ganges / Brahmaputra Basin,2003,9,-0.4824577103110528
Ganges / Brahmaputra Basin,2003,10,-2.7068583235812937
Ganges / Brahmaputra Basin,2003,11,3.358314209898026
Ganges / Brahmaputra Basin,2003,12,1.8898549908711537
Ganges / Brahmaputra Basin,2004,1,-2.547948274818836
Ganges / Brahmaputra Basin,2004,2,-3.9962773846784074
Ganges / Brahmaputra Basin,2004,3,-8.627315625712193
Ganges / Brahmaputra Basin,2004,4,3.771609299541236
Ganges / Brahmaputra Basin,2004,5,-9.81292764892369
Ganges / Brahmaputra Basin,2004,6,0.03848288003818823
Ganges / Brahmaputra Basin,2004,7,-3.4184307583309845
Ganges / Brahmaputra Basin,2004,8,0.4233496115717372
Ganges / Brahmaputra Basin,2004,9,-9.048772753711745
Ganges / Brahmaputra Basin,2004,10,5.084172899082674
Ganges / Brahmaputra Basin,2004,11,-9.970388501307259
Ganges / Brahmaputra Basin,2004,12,-0.08385034369709032
Ganges / Brahmaputra Basin,2005,1,-0.29469797772019035
Ganges / Brahmaputra Basin,2005,2,-0.7231032116779161
Ganges / Brahmaputra Basin,2005,3,0.5633709689446036
Ganges / Brahmaputra Basin,2005,4,-2.82527386466203
Ganges / Brahmaputra Basin,2005,5,-1.0777101885295295
Ganges / Brahmaputra Basin,2005,6,-8.571939305130535
Ganges / Brahmaputra Basin,2005,7,5.451294522072672
Ganges / Brahmaputra Basin,2005,8,-6.8838198979497065
Ganges / Brahmaputra Basin,2005,9,-0.548536270996479
Ganges / Brahmaputra Basin,2005,10,-3.461037187446422
Ganges / Brahmaputra Basin,2005,11,-0.01786608642837706
Ganges / Brahmaputra Basin,2005,12,-2.729705343593981
Ganges / Brahmaputra Basin,2006,1,-4.877703473749765
Ganges / Brahmaputra Basin,2006,2,-8.798274361360196
Ganges / Brahmaputra Basin,2006,3,-3.55482329514097
Ganges / Brahmaputra Basin,2006,4,-4.143219448140119
Ganges / Brahmaputra Basin,2006,5,2.909131181098658
Ganges / Brahmaputra Basin,2006,6,4.727600164792328
Ganges / Brahmaputra Basin,2006,7,4.083017705497511
Ganges / Brahmaputra Basin,2006,8,1.1876508247113406
Ganges / Brahmaputra Basin,2006,9,-4.6015324081904225
Ganges / Brahmaputra Basin,2006,10,-7.494394661973217
Ganges / Brahmaputra Basin,2006,11,-0.728014700731066
Ganges / Brahmaputra Basin,2006,12,-1.910880099180826
Ganges / Brahmaputra Basin,2007,1,-5.095122279438577
Ganges / Brahmaputra Basin,2007,2,-1.060613772594671
Ganges / Brahmaputra Basin,2007,3,-1.0444438747631608
Ganges / Brahmaputra Basin,2007,4,-2.796391253435278
Ganges / Brahmaputra Basin,2007,5,0.6805364680012431
Ganges / Brahmaputra Basin,2007,6,-0.5987319390581547
Ganges / Brahmaputra Basin,2007,7,-1.4294393166183852
Ganges / Brahmaputra Basin,2007,8,-0.5576053844668678
Ganges / Brahmaputra Basin,2007,9,-4.065664431211502
Ganges / Brahmaputra Basin,2007,10,-5.969227274997188
Ganges / Brahmaputra Basin,2007,11,1.8873106308773941
Ganges / Brahmaputra Basin,2007,12,-2.905942085704595
Ganges / Brahmaputra Basin,2008,1,-3.8898023718690915
Ganges / Brahmaputra Basin,2008,2,-4.687103244121573
Ganges / Brahmaputra Basin,2008,3,-1.8136965117989234
Ganges / Brahmaputra Basin,2008,4,4.245220110201895
Ganges / Brahmaputra Basin,2008,5,-6.9580095638152955
Ganges / Brahmaputra Basin,2008,6,10.298587832077644
Ganges / Brahmaputra Basin,2008,7,9.302361102545575
Ganges / Brahmaputra Basin,2008,8,5.368321434874218
Ganges / Brahmaputra Basin,2008,9,4.044205679901069
Ganges / Brahmaputra Basin,2008,10,7.419325923894284
Ganges / Brahmaputra Basin,2008,11,-8.452348493315373
Ganges / Brahmaputra Basin,2008,12,1.6514506953149244
Ganges / Brahmaputra Basin,2009,1,-0.7686248175568302
Ganges / Brahmaputra Basin,2009,2,-6.630547766923684
Ganges / Brahmaputra Basin,2009,3,-7.358181443441566
Ganges / Brahmaputra Basin,2009,4,-5.884327235513812
Ganges / Brahmaputra Basin,2009,5,1.2714921998838022
Ganges / Brahmaputra Basin,2009,6,-8.97691282844508
Ganges / Brahmaputra Basin,2009,7,-10.321627611486008
Ganges / Brahmaputra Basin,2009,8,-7.683392020736406
Ganges / Brahmaputra Basin,2009,9,-2.6748689333534656
Ganges / Brahmaputra Basin,2009,10,-8.450344966357996
Ganges / Brahmaputra Basin,2009,11,0.6199746166245887
Ganges / Brahmaputra Basin,2009,12,-1.3636309236739237
Ganges / Brahmaputra Basin,2010,1,-2.087989155660093
Ganges / Brahmaputra Basin,2010,2,-4.288698980638685
Ganges / Brahmaputra Basin,2010,3,-9.462991055862457
Ganges / Brahmaputra Basin,2010,4,-6.856175744797714
Ganges / Brahmaputra Basin,2010,5,-1.8428891618664736
Ganges / Brahmaputra Basin,2010,6,-8.883169462122616
Ganges / Brahmaputra Basin,2010,7,-6.971174432947862
Ganges / Brahmaputra Basin,2010,8,-0.05354829309777642
Ganges / Brahmaputra Basin,2010,9,4.771869640288088
Ganges / Brahmaputra Basin,2010,10,1.312475071334788
Ganges / Brahmaputra Basin,2010,11,10.070103579358744
Ganges / Brahmaputra Basin,2010,12,0.5977713262058622
Ganges / Brahmaputra Basin,2011,1,-0.6423481107533782
Ganges / Brahmaputra Basin,2011,2,0.8828490602966426
Ganges / Brahmaputra Basin,2011,3,0.6739225995296536
Ganges / Brahmaputra Basin,2011,4,-1.4034596597874653
Ganges / Brahmaputra Basin,2011,5,2.9013385423648757
Ganges / Brahmaputra Basin,2011,6,6.091082125163332
Ganges / Brahmaputra Basin,2011,7,8.04187359161483
Ganges / Brahmaputra Basin,2011,8,6.273540937813095
Ganges / Brahmaputra Basin,2011,9,9.651267075339533
Ganges / Brahmaputra Basin,2011,10,-3.7934849015226177
Ganges / Brahmaputra Basin,2011,11,3.024595817960545
Ganges / Brahmaputra Basin,2011,12,-1.7446597345044914
Ganges / Brahmaputra Basin,2012,1,-0.8274341320447149
Ganges / Brahmaputra Basin,2012,2,-3.9870636917354005
Ganges / Brahmaputra Basin,2012,3,-7.001511172270504
Ganges / Brahmaputra Basin,2012,4,5.672221028890142
Ganges / Brahmaputra Basin,2012,5,-12.00481626534567
Ganges / Brahmaputra Basin,2012,6,-12.625766959280597
Ganges / Brahmaputra Basin,2012,7,-6.554015431463299
Ganges / Brahmaputra Basin,2012,8,-6.757727186773863
Ganges / Brahmaputra Basin,2012,9,-2.098802283274935
Ganges / Brahmaputra Basin,2012,10,3.0497110319747662
Ganges / Brahmaputra Basin,2012,11,-11.996900400746625
Ganges / Brahmaputra Basin,2012,12,-3.6515466124462073
Ganges / Brahmaputra Basin,2013,1,-4.1221766092573375
Ganges / Brahmaputra Basin,2013,2,1.417070391802767
Ganges / Brahmaputra Basin,2013,3,0.1635096445542743
Ganges / Brahmaputra Basin,2013,4,-1.4318257604356823
Ganges / Brahmaputra Basin,2013,5,0.8445112793599279
Ganges / Brahmaputra Basin,2013,6,9.48225994153271
Ganges / Brahmaputra Basin,2013,7,2.36241646356126
Ganges / Brahmaputra Basin,2013,8,-6.731727039479267
Ganges / Brahmaputra Basin,2013,9,-5.945927512207561
Ganges / Brahmaputra Basin,2013,10,0.4528415892924187
Ganges / Brahmaputra Basin,2013,11,3.867262871816436
Ganges / Brahmaputra Basin,2013,12,0.5139903651663005
Ganges / Brahmaputra Basin,2014,1,3.0087731096206554
Ganges / Brahmaputra Basin,2014,2,4.38596405584407
Ganges / Brahmaputra Basin,2014,3,5.53446590043243
Ganges / Brahmaputra Basin,2014,4,-3.5729566612715438
Ganges / Brahmaputra Basin,2014,5,0.2614492099727741
Ganges / Brahmaputra Basin,2014,6,-8.894301337873628
Ganges / Brahmaputra Basin,2014,7,-9.08983989127087
Ganges / Brahmaputra Basin,2014,8,-10.54640396193605
Ganges / Brahmaputra Basin,2014,9,-4.866321167976764
Ganges / Brahmaputra Basin,2014,10,-5.217087031513934
Ganges / Brahmaputra Basin,2014,11,-1.0724652723722627
Ganges / Brahmaputra Basin,2014,12,-2.9394370248367245
Ganges / Brahmaputra Basin,2015,1,1.8154289291159884
Ganges / Brahmaputra Basin,2015,2,3.0962503994440453
Ganges / Brahmaputra Basin,2015,3,3.519966587584875
Ganges / Brahmaputra Basin,2015,4,1.5588227243394748
Ganges / Brahmaputra Basin,2015,5,0.6756590911223128
Ganges / Brahmaputra Basin,2015,6,-5.00961789386465
Ganges / Brahmaputra Basin,2015,7,-13.748286403125903
Ganges / Brahmaputra Basin,2015,8,-14.230009144601027
Ganges / Brahmaputra Basin,2015,9,-18.86933363919846
Ganges / Brahmaputra Basin,2015,10,-10.731030433128623
Ganges / Brahmaputra Basin,2015,11,-1.8426715607968518
Ganges / Brahmaputra Basin,2015,12,-3.848228016897977
Ganges / Brahmaputra Basin,2016,1,-1.3799516301243813
Ganges / Brahmaputra Basin,2016,2,-2.5371959146793657
Ganges / Brahmaputra Basin,2016,3,-2.3115073036379137
Ganges / Brahmaputra Basin,2016,4,3.9040021527733337
Ganges / Brahmaputra Basin,2016,5,-7.919979889250911
Ganges / Brahmaputra Basin,2016,6,-4.063896936195057
Ganges / Brahmaputra Basin,2016,7,-0.9146374626145217
Ganges / Brahmaputra Basin,2016,8,3.9532305122562548
Ganges / Brahmaputra Basin,2016,9,2.41573574938667
Ganges / Brahmaputra Basin,2016,10,8.25415455159277
Ganges / Brahmaputra Basin,2016,11,-10.75655510377996
Ganges / Brahmaputra Basin,2016,12,-0.15894256141159957
Ganges / Brahmaputra Basin,2017,1,3.021344086971297
Ganges / Brahmaputra Basin,2017,2,1.4481861515242116
Ganges / Brahmaputra Basin,2017,3,1.946207684580905
Ganges / Brahmaputra Basin,2017,4,-1.522892697918305
Ganges / Brahmaputra Basin,2017,5,5.654802980544005
Ganges / Brahmaputra Basin,2017,6,0.6558165188358771
Ganges / Brahmaputra Basin,2017,7,9.6708076803896
Ganges / Brahmaputra Basin,2017,8,6.819309258580944
Ganges / Brahmaputra Basin,2017,9,0.5318185847260963
Ganges / Brahmaputra Basin,2017,10,-3.0278416163705018
Ganges / Brahmaputra Basin,2017,11,2.7935649693718787
Ganges / Brahmaputra Basin,2017,12,0.8092305685751491
Ganges / Brahmaputra Basin,2018,1,-0.4130757540425023
Ganges / Brahmaputra Basin,2018,2,-0.7867058929526962
Ganges / Brahmaputra Basin,2018,3,0.4798214955220388
Ganges / Brahmaputra Basin,2018,4,2.6000210608528356
Ganges / Brahmaputra Basin,2018,5,6.811853896283161
Ganges / Brahmaputra Basin,2018,6,2.7589848652854982
Ganges / Brahmaputra Basin,2018,7,0.14409047586595136
Ganges / Brahmaputra Basin,2018,8,5.294306976105318
Ganges / Brahmaputra Basin,2018,9,5.943479226306096
Ganges / Brahmaputra Basin,2018,10,-7.069829824061202
Ganges / Brahmaputra Basin,2018,11,-0.5160531180131542
Ganges / Brahmaputra Basin,2018,12,-2.2530832672810313
Ganges / Brahmaputra Basin,2019,1,0.40514459043191664
Ganges / Brahmaputra Basin,2019,2,2.812643667001524
Ganges / Brahmaputra Basin,2019,3,6.146065997486694
Ganges / Brahmaputra Basin,2019,4,3.4893573653722747
Ganges / Brahmaputra Basin,2019,5,5.324926849585431
Ganges / Brahmaputra Basin,2019,6,-3.842122506129563
Ganges / Brahmaputra Basin,2019,7,0.6710057403508642
Ganges / Brahmaputra Basin,2019,8,4.887279049787082
Ganges / Brahmaputra Basin,2019,9,5.293559887488456
Ganges / Brahmaputra Basin,2019,10,5.26705148285231
Ganges / Brahmaputra Basin,2019,11,13.584751622106843
Ganges / Brahmaputra Basin,2019,12,5.647146773501635
Ganges / Brahmaputra Basin,2020,1,8.387320813523878
Ganges / Brahmaputra Basin,2020,2,9.806343038323867
Ganges / Brahmaputra Basin,2020,3,14.468930658186714
Ganges / Brahmaputra Basin,2020,4,16.359155575547376
Ganges / Brahmaputra Basin,2020,5,-3.3732826313153197
Ganges / Brahmaputra Basin,2020,6,13.869912577002722
Ganges / Brahmaputra Basin,2020,7,8.67566872673028
Ganges / Brahmaputra Basin,2020,8,12.124906612157702
Ganges / Brahmaputra Basin,2020,9,1.7005799221007862
Ganges / Brahmaputra Basin,2020,10,10.809887060244776
Ganges / Brahmaputra Basin,2020,11,-6.218628795959734
Ganges / Brahmaputra Basin,2020,12,2.7240175899419015
Ganges / Brahmaputra Basin,2021,1,3.284566801169383
Ganges / Brahmaputra Basin,2021,2,1.1501754861278997
Ganges / Brahmaputra Basin,2021,3,-3.106911446321849
Ganges / Brahmaputra Basin,2021,4,-4.313781095446636
Ganges / Brahmaputra Basin,2021,5,11.50803538465037
Ganges / Brahmaputra Basin,2021,6,18.576392935023193
Ganges / Brahmaputra Basin,2021,7,11.144413646338037
Ganges / Brahmaputra Basin,2021,8,8.656346734254015
Ganges / Brahmaputra Basin,2021,9,13.82428588347814
Ganges / Brahmaputra Basin,2021,10,6.11935377018559
Ganges / Brahmaputra Basin,2021,11,10.202092217764829
Ganges / Brahmaputra Basin,2021,12,6.907574816073261
Ganges / Brahmaputra Basin,2022,1,8.614363331622272
Ganges / Brahmaputra Basin,2022,2,9.844338678122192
Ganges / Brahmaputra Basin,2022,3,3.8537013843896233
Ganges / Brahmaputra Basin,2022,4,-1.2210297164886335
Ganges / Brahmaputra Basin,2022,5,7.6333128880473
Ganges / Brahmaputra Basin,2022,6,1.4882103817876384
Ganges / Brahmaputra Basin,2022,7,-2.5517206082833184
Ganges / Brahmaputra Basin,2022,8,-0.8593544826773041
Ganges / Brahmaputra Basin,2022,9,4.6067877699642565
Ganges / Brahmaputra Basin,2022,10,2.271673576577321
Ganges / Brahmaputra Basin,2022,11,4.835273242803936
Ganges / Brahmaputra Basin,2022,12,1.6505762039452776
Ganges / Brahmaputra Basin,2023,1,2.9052317849191027
Ganges / Brahmaputra Basin,2023,2,2.9413489087433717
Ganges / Brahmaputra Basin,2023,3,6.112770049294795
Ganges / Brahmaputra Basin,2023,4,-1.0816951542935591
Ganges / Brahmaputra Basin,2023,5,3.6484760992999554
Ganges / Brahmaputra Basin,2023,6,2.236131322236183
Ganges / Brahmaputra Basin,2023,7,8.436588598477996
Ganges / Brahmaputra Basin,2023,8,5.437772071172219
Ganges / Brahmaputra Basin,2023,9,4.948839933489168
Ganges / Brahmaputra Basin,2023,10,-0.3297006124546158
Ganges / Brahmaputra Basin,2023,11,5.691933816747806
Ganges / Brahmaputra Basin,2023,12,4.117470983900642
Ganges / Brahmaputra Basin,2024,1,4.055491189867972
Ganges / Brahmaputra Basin,2024,2,4.891848884390718
Ganges / Brahmaputra Basin,2024,3,5.587068482656591
Ganges / Brahmaputra Basin,2024,4,3.1183317915471385
Ganges / Brahmaputra Basin,2024,5,-5.43983368244945
Ganges / Brahmaputra Basin,2024,6,-3.633572739525789
Ganges / Brahmaputra Basin,2024,7,5.315981624683786
Ganges / Brahmaputra Basin,2024,8,4.0662897846612225
Ganges / Brahmaputra Basin,2024,9,8.096802051346955
Ganges / Brahmaputra Basin,2024,10,15.882802083897516
Ganges / Brahmaputra Basin,2024,11,-7.463520136311729
Ganges / Brahmaputra Basin,2024,12,1.3766942541503013
Mekong Basin,2002,1,-4.1750911978764975
Mekong Basin,2002,2,-3.260686967285139
Mekong Basin,2002,3,-2.8418994460335796
Mekong Basin,2002,4,-9.181381750541995
Mekong Basin,2002,5,2.365017146334111
Mekong Basin,2002,6,-2.919840389886062
Mekong Basin,2002,7,1.1640199714377246
Mekong Basin,2002,8,-3.4510635946260066
Mekong Basin,2002,9,-0.42089177909889486
Mekong Basin,2002,10,-7.138753016888884
Mekong Basin,2002,11,7.84503696917956
Mekong Basin,2002,12,5.236607310932996
Mekong Basin,2003,1,2.1520893874483136
Mekong Basin,2003,2,3.9989796708027967
Mekong Basin,2003,3,7.821334602818254
Mekong Basin,2003,4,-0.616831748013908
Mekong Basin,2003,5,9.07887504747275
Mekong Basin,2003,6,1.9720183273021519
Mekong Basin,2003,7,2.270532712504533
Mekong Basin,2003,8,-2.1480928723090216
Mekong Basin,2003,9,3.729642761604694
Mekong Basin,2003,10,-6.066580863675128
Mekong Basin,2003,11,3.932713975555089
Mekong Basin,2003,12,-8.789805585152386
Mekong Basin,2004,1,-8.618629668799699
Mekong Basin,2004,2,-11.70054035678654
Mekong Basin,2004,3,-16.018705366483218
Mekong Basin,2004,4,7.7124914808591
Mekong Basin,2004,5,-20.058399642238342
Mekong Basin,2004,6,4.301063713502359
Mekong Basin,2004,7,-2.3723084370057563
Mekong Basin,2004,8,-2.7693292445162143
Mekong Basin,2004,9,2.2777317203517953
Mekong Basin,2004,10,20.08538710967315
Mekong Basin,2004,11,-25.85891465578713
Mekong Basin,2004,12,-10.090235642813447
Mekong Basin,2005,1,-9.184566246449926
Mekong Basin,2005,2,-9.057698968399833
Mekong Basin,2005,3,-7.851878341565126
Mekong Basin,2005,4,-8.026832124090156
Mekong Basin,2005,5,1.448658176757391
Mekong Basin,2005,6,-3.694725729451946
Mekong Basin,2005,7,2.6556065882351305
Mekong Basin,2005,8,0.038654653613107826
Mekong Basin,2005,9,1.7898918585025427
Mekong Basin,2005,10,-3.8620414182381637
Mekong Basin,2005,11,6.841754593645689
Mekong Basin,2005,12,-2.308351206019708
Mekong Basin,2006,1,2.6407854577599466
Mekong Basin,2006,2,1.9868879201291776
Mekong Basin,2006,3,3.976362582758057
Mekong Basin,2006,4,-1.3659504609595956
Mekong Basin,2006,5,8.47533604654167
Mekong Basin,2006,6,2.9756458555729495
Mekong Basin,2006,7,0.17248425650267052
Mekong Basin,2006,8,-0.4722988300803337
Mekong Basin,2006,9,0.40266738115106193
Mekong Basin,2006,10,-1.7021338163626893
Mekong Basin,2006,11,7.250557992709119
Mekong Basin,2006,12,-4.849554223619336
Mekong Basin,2007,1,-4.678368768411694
Mekong Basin,2007,2,-6.142803902692755
Mekong Basin,2007,3,-3.754434746647007
Mekong Basin,2007,4,-12.005559460172194
Mekong Basin,2007,5,8.465400976992143
Mekong Basin,2007,6,0.5569227770921543
Mekong Basin,2007,7,-0.822958379594354
Mekong Basin,2007,8,-0.44308927004270515
Mekong Basin,2007,9,-2.259424393886235
Mekong Basin,2007,10,-8.43498246088862
Mekong Basin,2007,11,-1.626080692295048
Mekong Basin,2007,12,2.238670000369325
Mekong Basin,2008,1,-1.5200720332535695
Mekong Basin,2008,2,-4.580987487022426
Mekong Basin,2008,3,-0.8108815862001109
Mekong Basin,2008,4,19.322995754977384
Mekong Basin,2008,5,-14.867543690193898
Mekong Basin,2008,6,-1.7071188579173082
Mekong Basin,2008,7,-2.591667467269886
Mekong Basin,2008,8,-2.0237211959490935
Mekong Basin,2008,9,-3.9164143255308232
Mekong Basin,2008,10,12.915267397563227
Mekong Basin,2008,11,-20.49971482044586
Mekong Basin,2008,12,1.9648074824692117
Mekong Basin,2009,1,-1.1074105974437458
Mekong Basin,2009,2,0.023046349975729186
Mekong Basin,2009,3,0.5757512485464815
Mekong Basin,2009,4,-1.1146112798650734
Mekong Basin,2009,5,10.171029173549925
Mekong Basin,2009,6,-0.10010862996500691
Mekong Basin,2009,7,1.9871883788581357
Mekong Basin,2009,8,-0.8004404928860112
Mekong Basin,2009,9,1.3742068783523393
Mekong Basin,2009,10,-7.1933802869200605
Mekong Basin,2009,11,5.2890380722041215
Mekong Basin,2009,12,-3.5124925542446874
Mekong Basin,2010,1,1.2350491176324994
Mekong Basin,2010,2,2.291726540959985
Mekong Basin,2010,3,-7.87301650628666
Mekong Basin,2010,4,-11.555632375978227
Mekong Basin,2010,5,4.7168913357090645
Mekong Basin,2010,6,-4.8585073212461225
Mekong Basin,2010,7,-1.679537622668093
Mekong Basin,2010,8,0.5800112838476679
Mekong Basin,2010,9,-5.149562983226119
Mekong Basin,2010,10,-12.566042184883372
Mekong Basin,2010,11,5.37303339529376
Mekong Basin,2010,12,1.446025133006799
Mekong Basin,2011,1,-1.5192032550289412
Mekong Basin,2011,2,0.6863124384093169
Mekong Basin,2011,3,0.6084701190088566
Mekong Basin,2011,4,-6.394208790821303
Mekong Basin,2011,5,7.65288519358073
Mekong Basin,2011,6,0.4916225660911948
Mekong Basin,2011,7,2.9863468623560294
Mekong Basin,2011,8,-0.31655870478040526
Mekong Basin,2011,9,-9.146040678414707
Mekong Basin,2011,10,-5.10148635656536
Mekong Basin,2011,11,7.340030051867487
Mekong Basin,2011,12,-4.287315261826649
Mekong Basin,2012,1,-1.74250879383996
Mekong Basin,2012,2,1.79230213217717
Mekong Basin,2012,3,-0.34526729117384036
Mekong Basin,2012,4,20.58153202306181
Mekong Basin,2012,5,-20.82429062740107
Mekong Basin,2012,6,-3.1898138984651325
Mekong Basin,2012,7,1.5774112532208164
Mekong Basin,2012,8,0.1192770676568955
Mekong Basin,2012,9,1.2349909190781574
Mekong Basin,2012,10,24.426678322776098
Mekong Basin,2012,11,-19.556962179660843
Mekong Basin,2012,12,7.70412376539592
Mekong Basin,2013,1,2.2433484655700084
Mekong Basin,2013,2,0.15048475705637543
Mekong Basin,2013,3,1.480646924595419
Mekong Basin,2013,4,-5.294847424902713
Mekong Basin,2013,5,5.522226504505625
Mekong Basin,2013,6,1.4212966446930864
Mekong Basin,2013,7,-1.974761273610568
Mekong Basin,2013,8,-0.9826228039844267
Mekong Basin,2013,9,1.5314397677818334
Mekong Basin,2013,10,-3.9166822373754115
Mekong Basin,2013,11,5.475728968280961
Mekong Basin,2013,12,-4.824106171138311
Mekong Basin,2014,1,-0.48349362437249965
Mekong Basin,2014,2,2.421484209737187
Mekong Basin,2014,3,1.1581363694833726
Mekong Basin,2014,4,-6.0202663474071585
Mekong Basin,2014,5,6.599467373289542
Mekong Basin,2014,6,-2.070643833163345
Mekong Basin,2014,7,-3.9951386499713095
Mekong Basin,2014,8,-2.938547355565575
Mekong Basin,2014,9,0.8763546950575005
Mekong Basin,2014,10,-4.231887390143186
Mekong Basin,2014,11,10.87619172490777
Mekong Basin,2014,12,-0.11456691092020321
Mekong Basin,2015,1,-2.811890569430247
Mekong Basin,2015,2,-0.040978830074365646
Mekong Basin,2015,3,-0.021595457489411274
Mekong Basin,2015,4,-6.060322863532342
Mekong Basin,2015,5,4.079568935961518
Mekong Basin,2015,6,0.6972820694810338
Mekong Basin,2015,7,-7.509269429078174
Mekong Basin,2015,8,-0.02609814298961055
Mekong Basin,2015,9,3.418835523807516
Mekong Basin,2015,10,-2.9964710977337745
Mekong Basin,2015,11,13.54021651368997
Mekong Basin,2015,12,1.6142946960405453
Mekong Basin,2016,1,2.430347031096204
Mekong Basin,2016,2,-3.1731759015297314
Mekong Basin,2016,3,-5.101557086992898
Mekong Basin,2016,4,5.314056014236087
Mekong Basin,2016,5,-21.40801838020147
Mekong Basin,2016,6,0.5504827006027284
Mekong Basin,2016,7,2.782971828123209
Mekong Basin,2016,8,6.185941750518154
Mekong Basin,2016,9,2.001801479649984
Mekong Basin,2016,10,19.27033932928505
Mekong Basin,2016,11,-13.951927368109864
Mekong Basin,2016,12,8.26735786321835
Mekong Basin,2017,1,11.833161011351095
Mekong Basin,2017,2,6.330746275126998
Mekong Basin,2017,3,12.294723662968437
Mekong Basin,2017,4,5.686964433353637
Mekong Basin,2017,5,11.87429274280386
Mekong Basin,2017,6,2.6490693667035146
Mekong Basin,2017,7,-2.7391826373922754
Mekong Basin,2017,8,-0.24591461113210755
Mekong Basin,2017,9,-1.3826933844492402
Mekong Basin,2017,10,-5.106061160619248
Mekong Basin,2017,11,4.154134850820682
Mekong Basin,2017,12,1.5023318786482491
Mekong Basin,2018,1,6.928095911854868
Mekong Basin,2018,2,4.767950243788206
Mekong Basin,2018,3,6.295633052002771
Mekong Basin,2018,4,-1.0405874396692667
Mekong Basin,2018,5,8.305631273986805
Mekong Basin,2018,6,3.927123166915351
Mekong Basin,2018,7,-0.5058950121264445
Mekong Basin,2018,8,1.5807613353540688
Mekong Basin,2018,9,6.848316407298867
Mekong Basin,2018,10,-6.838720683915099
Mekong Basin,2018,11,6.0306601344250055
Mekong Basin,2018,12,-0.29147684394972373
Mekong Basin,2019,1,0.632159579152372
Mekong Basin,2019,2,2.795334033828894
Mekong Basin,2019,3,1.0943579123728853
Mekong Basin,2019,4,-2.455964424942394
Mekong Basin,2019,5,2.5072535097339
Mekong Basin,2019,6,1.0988780374685092
Mekong Basin,2019,7,1.0645704107404441
Mekong Basin,2019,8,1.4110275024384151
Mekong Basin,2019,9,10.155907688303245
Mekong Basin,2019,10,-1.7580140749112445
Mekong Basin,2019,11,6.42867190740553
Mekong Basin,2019,12,-5.563844054514732
Mekong Basin,2020,1,-2.529728336693225
Mekong Basin,2020,2,-4.726195938458915
Mekong Basin,2020,3,-4.03247049638658
Mekong Basin,2020,4,13.67088116424803
Mekong Basin,2020,5,-18.28998016265352
Mekong Basin,2020,6,-1.0317061153448464
Mekong Basin,2020,7,2.6972520389354457
Mekong Basin,2020,8,1.6297376973485456
Mekong Basin,2020,9,-4.470941898197523
Mekong Basin,2020,10,11.21392132370785
Mekong Basin,2020,11,-14.268438067781062
Mekong Basin,2020,12,4.634502149911185
Mekong Basin,2021,1,-1.3032916759875235
Mekong Basin,2021,2,-0.20566650569278977
Mekong Basin,2021,3,-1.0449570950618607
Mekong Basin,2021,4,-5.3458199575870395
Mekong Basin,2021,5,10.612735070656385
Mekong Basin,2021,6,4.046480496892471
Mekong Basin,2021,7,3.129368950260911
Mekong Basin,2021,8,1.292734004413873
Mekong Basin,2021,9,-0.11409907964562649
Mekong Basin,2021,10,-11.230084821975424
Mekong Basin,2021,11,7.071128440744928
Mekong Basin,2021,12,3.720046212854953
Mekong Basin,2022,1,5.144076259422931
Mekong Basin,2022,2,9.550413727506537
Mekong Basin,2022,3,13.788915999519844
Mekong Basin,2022,4,6.413052632322845
Mekong Basin,2022,5,13.843225803548322
Mekong Basin,2022,6,0.7868268623260377
Mekong Basin,2022,7,1.6539861601601729
Mekong Basin,2022,8,-0.7070591075617472
Mekong Basin,2022,9,-3.590300804962382
Mekong Basin,2022,10,-7.519657814756528
Mekong Basin,2022,11,6.031441298533252
Mekong Basin,2022,12,0.1352502891498233
Mekong Basin,2023,1,2.9233103093247337
Mekong Basin,2023,2,4.325200618213643
Mekong Basin,2023,3,-0.5607529946322671
Mekong Basin,2023,4,-10.655446067735852
Mekong Basin,2023,5,5.3954753400174695
Mekong Basin,2023,6,-1.8919997922709513
Mekong Basin,2023,7,1.1260036116291872
Mekong Basin,2023,8,3.065126718166752
Mekong Basin,2023,9,-3.759467875892895
Mekong Basin,2023,10,-8.621162038085942
Mekong Basin,2023,11,9.010772063543001
Mekong Basin,2023,12,4.7631232658092415
Mekong Basin,2024,1,1.5118322369747261
Mekong Basin,2024,2,1.7678659402305072
Mekong Basin,2024,3,1.1630839408782379
Mekong Basin,2024,4,8.432289013160286
Mekong Basin,2024,5,-25.665737148752697
Mekong Basin,2024,6,-4.01024801693255
Mekong Basin,2024,7,-1.0770241142474646
Mekong Basin,2024,8,1.421564213065892
Mekong Basin,2024,9,-1.4319498776351764
Mekong Basin,2024,10,16.37254824093253
Mekong Basin,2024,11,-16.729073168726217
Mekong Basin,2024,12,1.4046084063924411
Mississippi / Missouri,2002,1,1.803726349430999
Mississippi / Missouri,2002,2,-0.7212250636469157
Mississippi / Missouri,2002,3,-0.8105776875703015
Mississippi / Missouri,2002,4,-3.3994107050528655
Mississippi / Missouri,2002,5,-4.338620949739067
Mississippi / Missouri,2002,6,-8.504446732682581
Mississippi / Missouri,2002,7,-12.358182265473587
Mississippi / Missouri,2002,8,-9.651088439560404
Mississippi / Missouri,2002,9,-5.27436704691813
Mississippi / Missouri,2002,10,-1.945739775683549
Mississippi / Missouri,2002,11,1.7868766456627299
Mississippi / Missouri,2002,12,1.024835278007533
Mississippi / Missouri,2003,1,0.9185889720401619
Mississippi / Missouri,2003,2,0.2859882766070889
Mississippi / Missouri,2003,3,-0.0678769780813866
Mississippi / Missouri,2003,4,-5.639638622459302
Mississippi / Missouri,2003,5,2.1473215222833346
Mississippi / Missouri,2003,6,-1.7805205344355102
Mississippi / Missouri,2003,7,-9.059093198436571
Mississippi / Missouri,2003,8,-11.312696069289025
Mississippi / Missouri,2003,9,-5.160688995244968
Mississippi / Missouri,2003,10,-3.9242155281369797
Mississippi / Missouri,2003,11,1.9718077022215965
Mississippi / Missouri,2003,12,0.17013852912688776
Mississippi / Missouri,2004,1,0.01072749696654185
Mississippi / Missouri,2004,2,-0.4917062064590354
Mississippi / Missouri,2004,3,-3.003484832666029
Mississippi / Missouri,2004,4,6.590024252442348
Mississippi / Missouri,2004,5,-9.22511372627421
Mississippi / Missouri,2004,6,-5.5889337106214185
Mississippi / Missouri,2004,7,0.9324007785526334
Mississippi / Missouri,2004,8,-0.4137097581803175
Mississippi / Missouri,2004,9,-1.0295805991624576
Mississippi / Missouri,2004,10,6.224122471852294
Mississippi / Missouri,2004,11,-3.0655305043803978
Mississippi / Missouri,2004,12,1.730421325363018
Mississippi / Missouri,2005,1,0.22046213246031243
Mississippi / Missouri,2005,2,2.4860920925201455
Mississippi / Missouri,2005,3,-0.3830643278946795
Mississippi / Missouri,2005,4,-3.7441108822274884
Mississippi / Missouri,2005,5,1.5776644497090047
Mississippi / Missouri,2005,6,1.4378425736693288
Mississippi / Missouri,2005,7,-4.314923449138135
Mississippi / Missouri,2005,8,-5.735653392813958
Mississippi / Missouri,2005,9,-1.390894406483028
Mississippi / Missouri,2005,10,-1.259895344486008
Mississippi / Missouri,2005,11,0.21521897842456283
Mississippi / Missouri,2005,12,-1.7030013715710162
Mississippi / Missouri,2006,1,0.548082419519119
Mississippi / Missouri,2006,2,-0.49470839038102454
Mississippi / Missouri,2006,3,-1.9796092934083305
Mississippi / Missouri,2006,4,-5.786938198584281
Mississippi / Missouri,2006,5,-0.9240883336179664
Mississippi / Missouri,2006,6,-11.446334878798538
Mississippi / Missouri,2006,7,-13.942764742415505
Mississippi / Missouri,2006,8,-10.252433306682533
Mississippi / Missouri,2006,9,-1.831772424238089
Mississippi / Missouri,2006,10,-1.6265274291036427
Mississippi / Missouri,2006,11,1.9725364620376062
Mississippi / Missouri,2006,12,1.0335005799580301
Mississippi / Missouri,2007,1,0.7528826825980737
Mississippi / Missouri,2007,2,-1.1298819592656812
Mississippi / Missouri,2007,3,3.646952924964488
Mississippi / Missouri,2007,4,-4.4895275388133165
Mississippi / Missouri,2007,5,7.014861648411397
Mississippi / Missouri,2007,6,1.5676126166503508
Mississippi / Missouri,2007,7,-0.10584817224747667
Mississippi / Missouri,2007,8,-9.62230092265878
Mississippi / Missouri,2007,9,-2.0853119851106
Mississippi / Missouri,2007,10,-1.2362944806214529
Mississippi / Missouri,2007,11,0.48805117502244855
Mississippi / Missouri,2007,12,-0.9721050439265966
Mississippi / Missouri,2008,1,-0.3667316436281638
Mississippi / Missouri,2008,2,0.053506577570594516
Mississippi / Missouri,2008,3,0.11427292348458451
Mississippi / Missouri,2008,4,8.106783799108463
Mississippi / Missouri,2008,5,-12.62120566807237
Mississippi / Missouri,2008,6,-2.7424214990531937
Mississippi / Missouri,2008,7,-4.976522356029761
Mississippi / Missouri,2008,8,0.7983329524588498
Mississippi / Missouri,2008,9,1.6853106188744746
Mississippi / Missouri,2008,10,4.847552180170478
Mississippi / Missouri,2008,11,-4.570709378715531
Mississippi / Missouri,2008,12,-0.34653555667344804
Mississippi / Missouri,2009,1,-1.1166014427970126
Mississippi / Missouri,2009,2,-0.1125195087345432
Mississippi / Missouri,2009,3,-1.3436420144499266
Mississippi / Missouri,2009,4,-4.8090008883701
Mississippi / Missouri,2009,5,2.354809835574308
Mississippi / Missouri,2009,6,0.16351030992123583
Mississippi / Missouri,2009,7,-2.508205963711731
Mississippi / Missouri,2009,8,4.305803176625602
Mississippi / Missouri,2009,9,0.6083798636830124
Mississippi / Missouri,2009,10,0.6100747840691056
Mississippi / Missouri,2009,11,3.021627664545033
Mississippi / Missouri,2009,12,-2.1848908132494493
Mississippi / Missouri,2010,1,-1.7665033776917554
Mississippi / Missouri,2010,2,-2.023933566342947
Mississippi / Missouri,2010,3,1.0588800112181787
Mississippi / Missouri,2010,4,-3.0461696132197176
Mississippi / Missouri,2010,5,9.151022079211245
Mississippi / Missouri,2010,6,8.886586582175354
Mississippi / Missouri,2010,7,6.275565742993891
Mississippi / Missouri,2010,8,0.5101608553627983
Mississippi / Missouri,2010,9,-3.5102962816200076
Mississippi / Missouri,2010,10,-4.236769158078104
Mississippi / Missouri,2010,11,-0.12361194442609857
Mississippi / Missouri,2010,12,-2.1385712894644016
Mississippi / Missouri,2011,1,-2.2580655040176048
Mississippi / Missouri,2011,2,-1.5607820997798179
Mississippi / Missouri,2011,3,-0.7857064019497457
Mississippi / Missouri,2011,4,-0.7303563312555852
Mississippi / Missouri,2011,5,3.2267643813338367
Mississippi / Missouri,2011,6,-4.009400712879767
Mississippi / Missouri,2011,7,-2.281083791063679
Mississippi / Missouri,2011,8,-5.305661895191662
Mississippi / Missouri,2011,9,-6.18292138209582
Mississippi / Missouri,2011,10,-3.5237804811306503
Mississippi / Missouri,2011,11,1.6133392863629155
Mississippi / Missouri,2011,12,1.2886700263801032
Mississippi / Missouri,2012,1,1.8460640704224645
Mississippi / Missouri,2012,2,1.7549666301099691
Mississippi / Missouri,2012,3,1.3476804520102732
Mississippi / Missouri,2012,4,14.305649254382082
Mississippi / Missouri,2012,5,-13.495102859323453
Mississippi / Missouri,2012,6,-12.018689807435194
Mississippi / Missouri,2012,7,-22.39140600995575
Mississippi / Missouri,2012,8,-17.580734382465316
Mississippi / Missouri,2012,9,-9.558497871768182
Mississippi / Missouri,2012,10,3.3148605171300005
Mississippi / Missouri,2012,11,-5.05474664737682
Mississippi / Missouri,2012,12,0.2492179785496731
Mississippi / Missouri,2013,1,0.7048173524724604
Mississippi / Missouri,2013,2,0.016533248852539373
Mississippi / Missouri,2013,3,-2.978604062220562
Mississippi / Missouri,2013,4,-1.7891126712132959
Mississippi / Missouri,2013,5,0.7864887546927761
Mississippi / Missouri,2013,6,-1.213507674560006
Mississippi / Missouri,2013,7,-1.9194867958437243
Mississippi / Missouri,2013,8,4.444087925197863
Mississippi / Missouri,2013,9,1.2011620394512406
Mississippi / Missouri,2013,10,-0.5133261113520255
Mississippi / Missouri,2013,11,1.9448321021890536
Mississippi / Missouri,2013,12,-1.5666580909453423
Mississippi / Missouri,2014,1,-0.5175024276544917
Mississippi / Missouri,2014,2,-1.8195605751398176
Mississippi / Missouri,2014,3,-0.17039890330339347
Mississippi / Missouri,2014,4,-6.494664303487113
Mississippi / Missouri,2014,5,0.3973639590991169
Mississippi / Missouri,2014,6,1.8929561700153101
Mississippi / Missouri,2014,7,4.508000400597737
Mississippi / Missouri,2014,8,4.657783554135847
Mississippi / Missouri,2014,9,3.5845160834579417
Mississippi / Missouri,2014,10,-1.3219546392945425
Mississippi / Missouri,2014,11,-0.04587012574995697
Mississippi / Missouri,2014,12,-0.3121631658390456
Mississippi / Missouri,2015,1,0.5165183074920705
Mississippi / Missouri,2015,2,0.3099364926204693
Mississippi / Missouri,2015,3,-1.3484402437210221
Mississippi / Missouri,2015,4,-5.008948802729485
Mississippi / Missouri,2015,5,7.1567718562285165
Mississippi / Missouri,2015,6,7.778715767769
Mississippi / Missouri,2015,7,10.121382124564974
Mississippi / Missouri,2015,8,4.301713602799637
Mississippi / Missouri,2015,9,0.08133393592541438
Mississippi / Missouri,2015,10,-3.052023316532349
Mississippi / Missouri,2015,11,2.2519321569308843
Mississippi / Missouri,2015,12,0.7004555241776949
Mississippi / Missouri,2016,1,0.03658310005291554
Mississippi / Missouri,2016,2,1.329108629774911
Mississippi / Missouri,2016,3,0.35651960388111803
Mississippi / Missouri,2016,4,12.618357837017541
Mississippi / Missouri,2016,5,-8.748181121196254
Mississippi / Missouri,2016,6,5.058918755872938
Mississippi / Missouri,2016,7,4.11694477448674
Mississippi / Missouri,2016,8,6.654126380564179
Mississippi / Missouri,2016,9,6.923357648882842
Mississippi / Missouri,2016,10,6.36056679056329
Mississippi / Missouri,2016,11,-5.218825246242954
Mississippi / Missouri,2016,12,-0.12734042709909588
Mississippi / Missouri,2017,1,-0.1949312607021767
Mississippi / Missouri,2017,2,1.4973337885324938
Mississippi / Missouri,2017,3,1.662903858990468
Mississippi / Missouri,2017,4,-0.9769545030157119
Mississippi / Missouri,2017,5,5.481517138392519
Mississippi / Missouri,2017,6,-1.672442646288232
Mississippi / Missouri,2017,7,0.5599524644320013
Mississippi / Missouri,2017,8,4.662585064151898
Mississippi / Missouri,2017,9,3.759652909026542
Mississippi / Missouri,2017,10,-1.8800210857632678
Mississippi / Missouri,2017,11,2.66014073523532
Mississippi / Missouri,2017,12,-0.16408514074631242
Mississippi / Missouri,2018,1,-0.34376549766792763
Mississippi / Missouri,2018,2,-0.166258541220472
Mississippi / Missouri,2018,3,-0.786307974209592
Mississippi / Missouri,2018,4,-7.16572222283682
Mississippi / Missouri,2018,5,6.114429904377474
Mississippi / Missouri,2018,6,5.76783621796632
Mississippi / Missouri,2018,7,6.39261846931241
Mississippi / Missouri,2018,8,3.198844811317869
Mississippi / Missouri,2018,9,6.178453431210286
Mississippi / Missouri,2018,10,0.49928445802261123
Mississippi / Missouri,2018,11,1.7567426866789546
Mississippi / Missouri,2018,12,0.20310952116462033
Mississippi / Missouri,2019,1,0.3575886721340318
Mississippi / Missouri,2019,2,-2.60508972751645
Mississippi / Missouri,2019,3,1.9187479299536463
Mississippi / Missouri,2019,4,0.7373930376261839
Mississippi / Missouri,2019,5,11.968789814773316
Mississippi / Missouri,2019,6,3.791373795994261
Mississippi / Missouri,2019,7,13.475325359842785
Mississippi / Missouri,2019,8,12.116788639188556
Mississippi / Missouri,2019,9,8.300966915778822
Mississippi / Missouri,2019,10,-0.5473394718092877
Mississippi / Missouri,2019,11,1.3333087266001833
Mississippi / Missouri,2019,12,-0.39208284454670306
Mississippi / Missouri,2020,1,0.4873814998841901
Mississippi / Missouri,2020,2,1.8410958881096384
Mississippi / Missouri,2020,3,5.906065724476939
Mississippi / Missouri,2020,4,11.048374597799146
Mississippi / Missouri,2020,5,-8.659044625886565
Mississippi / Missouri,2020,6,2.929046402230597
Mississippi / Missouri,2020,7,9.967479434824469
Mississippi / Missouri,2020,8,6.422285580188571
Mississippi / Missouri,2020,9,-0.34047993998753867
Mississippi / Missouri,2020,10,5.145267386173941
Mississippi / Missouri,2020,11,-3.941178953279362
Mississippi / Missouri,2020,12,1.2145938181052713
Mississippi / Missouri,2021,1,0.5095084221876434
Mississippi / Missouri,2021,2,-2.531961828071939
Mississippi / Missouri,2021,3,-0.9160446546853152
Mississippi / Missouri,2021,4,-3.0871011198043234
Mississippi / Missouri,2021,5,2.5125881080150734
Mississippi / Missouri,2021,6,1.7992460824260945
Mississippi / Missouri,2021,7,7.0445470800611645
Mississippi / Missouri,2021,8,5.712443845085119
Mississippi / Missouri,2021,9,2.4694619016038146
Mississippi / Missouri,2021,10,1.352303380530408
Mississippi / Missouri,2021,11,1.3172583357519088
Mississippi / Missouri,2021,12,0.6910418221002388
Mississippi / Missouri,2022,1,-0.48994775724478146
Mississippi / Missouri,2022,2,-0.26472727248251715
Mississippi / Missouri,2022,3,-0.937321206094353
Mississippi / Missouri,2022,4,-3.895641294371309
Mississippi / Missouri,2022,5,3.591182487854745
Mississippi / Missouri,2022,6,-0.576600129350723
Mississippi / Missouri,2022,7,-0.04400008451557369
Mississippi / Missouri,2022,8,3.8723319485146135
Mississippi / Missouri,2022,9,2.3704466361822725
Mississippi / Missouri,2022,10,-4.736348475865714
Mississippi / Missouri,2022,11,1.8089940991213247
Mississippi / Missouri,2022,12,-1.4164379298147018
Mississippi / Missouri,2023,1,-0.6288305187713732
Mississippi / Missouri,2023,2,1.9345411483046995
Mississippi / Missouri,2023,3,-0.20850860826071482
Mississippi / Missouri,2023,4,-5.555043131219069
Mississippi / Missouri,2023,5,3.532784518869228
Mississippi / Missouri,2023,6,5.3247880298635835
Mississippi / Missouri,2023,7,8.013201526002007
Mississippi / Missouri,2023,8,5.805162859464517
Mississippi / Missouri,2023,9,0.7148439041299284
Mississippi / Missouri,2023,10,-1.0140252339853255
Mississippi / Missouri,2023,11,1.6208269139004834
Mississippi / Missouri,2023,12,1.321508183899308
Mississippi / Missouri,2024,1,-1.0300520474857073
Mississippi / Missouri,2024,2,2.413251966038576
Mississippi / Missouri,2024,3,-0.2924362404644043
Mississippi / Missouri,2024,4,12.211758050284054
Mississippi / Missouri,2024,5,-9.003003174715879
Mississippi / Missouri,2024,6,3.1548650215508616
Mississippi / Missouri,2024,7,2.4940986731605364
Mississippi / Missouri,2024,8,2.411826971786155
Mississippi / Missouri,2024,9,-1.5130749555776575
Mississippi / Missouri,2024,10,2.464228563330817
Mississippi / Missouri,2024,11,-3.7430208705138845
Mississippi / Missouri,2024,12,1.6963790870437627
Murray Darling,2002,1,-7.526570787401209
Murray Darling,2002,2,-2.010228307352012
Murray Darling,2002,3,-5.02855252927511
Murray Darling,2002,4,-4.579145153848545
Murray Darling,2002,5,-3.848073143807124
Murray Darling,2002,6,-5.320357599145822
Murray Darling,2002,7,-8.877137800252719
Murray Darling,2002,8,-11.263530640456974
Murray Darling,2002,9,-14.317142727830138
Murray Darling,2002,10,-14.019497522884457
Murray Darling,2002,11,-13.399559890710842
Murray Darling,2002,12,-11.823541272460234
Murray Darling,2003,1,-14.221229903763135
Murray Darling,2003,2,-7.657398585260172
Murray Darling,2003,3,-5.036253302514275
Murray Darling,2003,4,-1.8589342893660543
Murray Darling,2003,5,1.7223682169454975
Murray Darling,2003,6,-0.4097131491995931
Murray Darling,2003,7,-1.4536470743193952
Murray Darling,2003,8,-0.3562312263468499
Murray Darling,2003,9,1.016420187253246
Murray Darling,2003,10,-0.9291949925677336
Murray Darling,2003,11,-1.132839163665686
Murray Darling,2003,12,-5.499826933300028
Murray Darling,2004,1,-1.340576661509015
Murray Darling,2004,2,-4.620935582922961
Murray Darling,2004,3,-2.06875737120151
Murray Darling,2004,4,-1.0226149033163736
Murray Darling,2004,5,-7.033818551905263
Murray Darling,2004,6,-2.7930574529704018
Murray Darling,2004,7,-2.7155880895342293
Murray Darling,2004,8,-3.053921121057787
Murray Darling,2004,9,0.653870240199403
Murray Darling,2004,10,3.7197486476468207
Murray Darling,2004,11,-7.241126571647069
Murray Darling,2004,12,1.2284663478880233
Murray Darling,2005,1,-4.308490922956594
Murray Darling,2005,2,-6.73128724999253
Murray Darling,2005,3,-9.535434541022141
Murray Darling,2005,4,-8.850391525673523
Murray Darling,2005,5,-5.013511488873579
Murray Darling,2005,6,-0.2057626455855619
Murray Darling,2005,7,1.1369904695248074
Murray Darling,2005,8,-0.7591754671130424
Murray Darling,2005,9,7.378228522276849
Murray Darling,2005,10,5.486728535600726
Murray Darling,2005,11,9.750405949390785
Murray Darling,2005,12,-4.514509908833006
Murray Darling,2006,1,-7.018439293950298
Murray Darling,2006,2,-7.453831702913792
Murray Darling,2006,3,-7.428160192630347
Murray Darling,2006,4,-4.887544080995728
Murray Darling,2006,5,-3.1456346396465236
Murray Darling,2006,6,-1.8708246276614062
Murray Darling,2006,7,-1.6168093995728618
Murray Darling,2006,8,-5.219515424781026
Murray Darling,2006,9,-8.25371144988646
Murray Darling,2006,10,-13.2354652510685
Murray Darling,2006,11,-10.809630623098371
Murray Darling,2006,12,-12.28317177990779
Murray Darling,2007,1,-9.175607607663046
Murray Darling,2007,2,-12.820392518515813
Murray Darling,2007,3,-8.353376570861954
Murray Darling,2007,4,-7.506701316226284
Murray Darling,2007,5,-0.8761631284342464
Murray Darling,2007,6,-0.30310765823311314
Murray Darling,2007,7,-1.8852282970652858
Murray Darling,2007,8,0.579680117029362
Murray Darling,2007,9,-7.606113653676406
Murray Darling,2007,10,-10.178493635998553
Murray Darling,2007,11,0.026480487070141834
Murray Darling,2007,12,5.836943027192817
Murray Darling,2008,1,9.4003931015496
Murray Darling,2008,2,10.008757324668384
Murray Darling,2008,3,-3.4548589103759184
Murray Darling,2008,4,-0.39440143589710175
Murray Darling,2008,5,-6.921691118802764
Murray Darling,2008,6,-0.33932893629523164
Murray Darling,2008,7,-2.283709340746178
Murray Darling,2008,8,-3.6702274688373002
Murray Darling,2008,9,-2.7864010424515335
Murray Darling,2008,10,0.6170158874531708
Murray Darling,2008,11,-7.945916282490753
Murray Darling,2008,12,-0.7753775320687915
Murray Darling,2009,1,-5.1897111992539315
Murray Darling,2009,2,-6.619660556353686
Murray Darling,2009,3,-6.879516215381521
Murray Darling,2009,4,-3.660538764821057
Murray Darling,2009,5,1.5835956847165598
Murray Darling,2009,6,0.5576014346596487
Murray Darling,2009,7,0.6811867084506709
Murray Darling,2009,8,-1.7276417043382857
Murray Darling,2009,9,-6.2524344232376095
Murray Darling,2009,10,-7.55824080018926
Murray Darling,2009,11,-8.174158788832582
Murray Darling,2009,12,-7.218733735486005
Murray Darling,2010,1,1.6645224909319971
Murray Darling,2010,2,15.094027924786491
Murray Darling,2010,3,12.839310823767484
Murray Darling,2010,4,3.913612779318907
Murray Darling,2010,5,4.370214581742449
Murray Darling,2010,6,1.0175271364929657
Murray Darling,2010,7,3.441716682243392
Murray Darling,2010,8,5.464265398547269
Murray Darling,2010,9,15.633181999292098
Murray Darling,2010,10,15.477923215495245
Murray Darling,2010,11,26.54895788819054
Murray Darling,2010,12,25.316164968860356
Murray Darling,2011,1,23.219102699727006
Murray Darling,2011,2,18.081695716545585
Murray Darling,2011,3,16.201059181827965
Murray Darling,2011,4,4.670057613615274
Murray Darling,2011,5,3.6149883427983838
Murray Darling,2011,6,-0.06953513288326363
Murray Darling,2011,7,-1.2500678856505871
Murray Darling,2011,8,-0.08924007857574523
Murray Darling,2011,9,-2.876728552351107
Murray Darling,2011,10,0.6543042789854034
Murray Darling,2011,11,6.971391342039329
Murray Darling,2011,12,13.189694067637618
Murray Darling,2012,1,12.000015344965991
Murray Darling,2012,2,17.010077656775604
Murray Darling,2012,3,16.23828826732474
Murray Darling,2012,4,10.210554262503479
Murray Darling,2012,5,-4.737306131215952
Murray Darling,2012,6,1.1602924468817086
Murray Darling,2012,7,1.5395827701585247
Murray Darling,2012,8,-3.683016993977926
Murray Darling,2012,9,-4.2642272323883255
Murray Darling,2012,10,0.09211285832963867
Murray Darling,2012,11,-9.323237780408359
Murray Darling,2012,12,-5.060910745181513
Murray Darling,2013,1,-6.634028301057935
Murray Darling,2013,2,0.5520372034327998
Murray Darling,2013,3,1.8521287119398018
Murray Darling,2013,4,-4.103823061586393
Murray Darling,2013,5,-0.04050762231072014
Murray Darling,2013,6,1.5119377710121356
Murray Darling,2013,7,1.5388207521713326
Murray Darling,2013,8,0.6898696025398863
Murray Darling,2013,9,-1.9125473676379237
Murray Darling,2013,10,-7.4165857867979845
Murray Darling,2013,11,-5.727140782376953
Murray Darling,2013,12,-9.555357552686697
Murray Darling,2014,1,-11.483655664488868
Murray Darling,2014,2,-6.90411254954353
Murray Darling,2014,3,2.6927593924191235
Murray Darling,2014,4,4.826825901851876
Murray Darling,2014,5,5.869933999049692
Murray Darling,2014,6,0.7365798176644773
Murray Darling,2014,7,-1.23353737460004
Murray Darling,2014,8,0.4521429146648259
Murray Darling,2014,9,0.016668187209816665
Murray Darling,2014,10,-7.154547031011269
Murray Darling,2014,11,-9.64643484124398
Murray Darling,2014,12,-3.33002681733554
Murray Darling,2015,1,5.559418928299483
Murray Darling,2015,2,-2.197416142913646
Murray Darling,2015,3,-6.632257259681513
Murray Darling,2015,4,-1.419566339738683
Murray Darling,2015,5,3.68331811338588
Murray Darling,2015,6,1.48416311805531
Murray Darling,2015,7,1.975900731933546
Murray Darling,2015,8,4.694739086127193
Murray Darling,2015,9,4.700814127090013
Murray Darling,2015,10,-3.735295316717849
Murray Darling,2015,11,1.6200639703201176
Murray Darling,2015,12,-4.605849459693303
Murray Darling,2016,1,2.0717006014911696
Murray Darling,2016,2,-1.6917066037683455
Murray Darling,2016,3,-8.528335868466392
Murray Darling,2016,4,-1.423442835700552
Murray Darling,2016,5,-4.707015556400503
Murray Darling,2016,6,2.18282645232312
Murray Darling,2016,7,7.936479355935109
Murray Darling,2016,8,12.316614429943613
Murray Darling,2016,9,20.892562010857574
Murray Darling,2016,10,25.04167826337325
Murray Darling,2016,11,1.3783535891530114
Murray Darling,2016,12,3.6065237669172916
Murray Darling,2017,1,0.7947359977574031
Murray Darling,2017,2,-5.424982534368194
Murray Darling,2017,3,0.37116418533699047
Murray Darling,2017,4,1.033810045721168
Murray Darling,2017,5,2.709711253483018
Murray Darling,2017,6,-0.8869295218497761
Murray Darling,2017,7,-2.5367337778924686
Murray Darling,2017,8,-6.05190366708754
Murray Darling,2017,9,-7.865216164371244
Murray Darling,2017,10,-1.0813996944719833
Murray Darling,2017,11,3.055398593848466
Murray Darling,2017,12,-0.8728454239077053
Murray Darling,2018,1,-6.434467148913022
Murray Darling,2018,2,-6.49697820951252
Murray Darling,2018,3,-4.464933342798332
Murray Darling,2018,4,-7.091516400997952
Murray Darling,2018,5,-3.2312635285248597
Murray Darling,2018,6,-2.9761446314402598
Murray Darling,2018,7,-6.4992158479390305
Murray Darling,2018,8,-8.522847468906757
Murray Darling,2018,9,-12.183837534715366
Murray Darling,2018,10,-6.592978885324602
Murray Darling,2018,11,-4.526277885892053
Murray Darling,2018,12,-6.0675578039801366
Murray Darling,2019,1,-12.45453735187836
Murray Darling,2019,2,-14.523020138517026
Murray Darling,2019,3,-9.359177355402753
Murray Darling,2019,4,-4.5823826698856465
Murray Darling,2019,5,2.8643483182239713
Murray Darling,2019,6,-0.5031762453587874
Murray Darling,2019,7,-0.3791249885877832
Murray Darling,2019,8,-5.997261662150134
Murray Darling,2019,9,-11.863376593962762
Murray Darling,2019,10,-12.756454409336268
Murray Darling,2019,11,-11.501819003361458
Murray Darling,2019,12,-16.199890335857
Murray Darling,2020,1,-12.603961213894301
Murray Darling,2020,2,1.6526077860174198
Murray Darling,2020,3,9.407952195252633
Murray Darling,2020,4,11.005736080093765
Murray Darling,2020,5,-1.0541036327072355
Murray Darling,2020,6,1.2184743944109577
Murray Darling,2020,7,3.0364348942502737
Murray Darling,2020,8,4.400527172997549
Murray Darling,2020,9,7.007999371993023
Murray Darling,2020,10,12.159003412275887
Murray Darling,2020,11,-5.894674803224763
Murray Darling,2020,12,1.200552502187854
Murray Darling,2021,1,7.218936201891783
Murray Darling,2021,2,4.9155457541207745
Murray Darling,2021,3,10.038532914871617
Murray Darling,2021,4,2.339921218149133
Murray Darling,2021,5,3.7082052759892896
Murray Darling,2021,6,1.9454328652551567
Murray Darling,2021,7,1.6896384091706196
Murray Darling,2021,8,4.545341818105577
Murray Darling,2021,9,4.450301494024828
Murray Darling,2021,10,3.8561395646211594
Murray Darling,2021,11,20.268453110670283
Murray Darling,2021,12,13.655037104253509
Murray Darling,2022,1,14.718417134619077
Murray Darling,2022,2,9.446686609122178
Murray Darling,2022,3,6.1125484771269285
Murray Darling,2022,4,4.010841152359184
Murray Darling,2022,5,10.302770462643103
Murray Darling,2022,6,2.7676145782434
Murray Darling,2022,7,4.127801790167922
Murray Darling,2022,8,7.357303659431928
Murray Darling,2022,9,15.734064749224352
Murray Darling,2022,10,18.05895764234606
Murray Darling,2022,11,27.22489964862088
Murray Darling,2022,12,11.2435903058919
Murray Darling,2023,1,6.378739624080982
Murray Darling,2023,2,-0.8557462871120158
Murray Darling,2023,3,-1.1426233259133838
Murray Darling,2023,4,-0.40013736867716787
Murray Darling,2023,5,0.4911383687737434
Murray Darling,2023,6,-1.408487446842539
Murray Darling,2023,7,0.5950502998867471
Murray Darling,2023,8,-0.33259334874597
Murray Darling,2023,9,-3.2244294821024795
Murray Darling,2023,10,-7.216477922907483
Murray Darling,2023,11,0.3364634006270393
Murray Darling,2023,12,1.4504945306712393
Murray Darling,2024,1,15.365293931415248
Murray Darling,2024,2,9.246260993577057
Murray Darling,2024,3,2.1584926356578578
Murray Darling,2024,4,9.769781093118265
Murray Darling,2024,5,-0.3115040751228335
Murray Darling,2024,6,2.5039750324668937
Murray Darling,2024,7,3.031197012267654
Murray Darling,2024,8,10.226622072988121
Murray Darling,2024,9,5.922055335190201
Murray Darling,2024,10,6.7110189431486305
Murray Darling,2024,11,-1.858051562977721
Murray Darling,2024,12,11.08013267919712
Nile,2002,1,0.0725772134141387
Nile,2002,2,-0.8313519670631067
Nile,2002,3,0.35912981091306406
Nile,2002,4,-5.925058833324879
Nile,2002,5,-7.778431410802156
Nile,2002,6,-13.599138475954021
Nile,2002,7,-15.913392112113016
Nile,2002,8,-14.90415754204956
Nile,2002,9,-17.58066837363817
Nile,2002,10,-13.823923455463337
Nile,2002,11,-7.5589450003322725
Nile,2002,12,-4.341554166086734
Nile,2003,1,0.1562235056408987
Nile,2003,2,-1.5539184872713552
Nile,2003,3,-3.617761080854727
Nile,2003,4,-6.693822141730983
Nile,2003,5,-6.3269525587450275
Nile,2003,6,-3.7366473597706573
Nile,2003,7,-0.23574120894636508
Nile,2003,8,0.271681692795255
Nile,2003,9,1.192778951778621
Nile,2003,10,-6.356623567728668
Nile,2003,11,-2.921121480543107
Nile,2003,12,-4.237956765813376
Nile,2004,1,-2.51504099634921
Nile,2004,2,-1.1820651095997121
Nile,2004,3,-3.7353479168666723
Nile,2004,4,6.380507797950468
Nile,2004,5,-10.63213049502216
Nile,2004,6,-5.922334361553602
Nile,2004,7,-14.23837265983974
Nile,2004,8,-9.333561960563202
Nile,2004,9,-12.283410926567413
Nile,2004,10,-1.8416583201516517
Nile,2004,11,-14.35954891826735
Nile,2004,12,-3.123175600624492
Nile,2005,1,-2.6054539373116903
Nile,2005,2,-3.106376679285898
Nile,2005,3,-1.2212754061678446
Nile,2005,4,-5.9668288930379845
Nile,2005,5,-4.955127637203574
Nile,2005,6,-2.379599532899718
Nile,2005,7,-0.0013698364447378708
Nile,2005,8,-5.232659943370024
Nile,2005,9,-6.405752398055299
Nile,2005,10,-9.148132004623712
Nile,2005,11,-7.118864312339081
Nile,2005,12,-10.586016123735403
Nile,2006,1,-6.874885411755969
Nile,2006,2,-4.7900466618606
Nile,2006,3,-1.26636498977183
Nile,2006,4,-6.024113303559744
Nile,2006,5,2.1153807957543833
Nile,2006,6,-2.756826576549109
Nile,2006,7,-5.548383532086476
Nile,2006,8,-4.426355526477238
Nile,2006,9,-7.032078199466952
Nile,2006,10,-9.004875412694389
Nile,2006,11,0.45875130604119363
Nile,2006,12,1.2872494302120323
Nile,2007,1,2.8346134994067604
Nile,2007,2,2.2993150798994435
Nile,2007,3,-1.572101281323313
Nile,2007,4,-5.321662764483332
Nile,2007,5,-3.347478202469013
Nile,2007,6,-0.15756920603521252
Nile,2007,7,7.3629147659362815
Nile,2007,8,2.451996178839252
Nile,2007,9,-3.1454755095330853
Nile,2007,10,-7.674452869404163
Nile,2007,11,-1.3424654891631889
Nile,2007,12,-6.643002876682353
Nile,2008,1,-3.2167218133934945
Nile,2008,2,-1.7556166700891733
Nile,2008,3,-2.4809591722223487
Nile,2008,4,9.071121589523361
Nile,2008,5,-8.247073826033585
Nile,2008,6,-4.431928798114114
Nile,2008,7,-7.915434510404083
Nile,2008,8,-7.977951017695631
Nile,2008,9,-5.777073647900906
Nile,2008,10,2.261287341476212
Nile,2008,11,-13.803491498005577
Nile,2008,12,-5.628812019732916
Nile,2009,1,-3.9744844272055886
Nile,2009,2,0.11865474376286045
Nile,2009,3,-1.683055915129426
Nile,2009,4,0.3400252729841249
Nile,2009,5,-2.0646054331066424
Nile,2009,6,-9.798807641907217
Nile,2009,7,-11.181806758602164
Nile,2009,8,-12.902564921922448
Nile,2009,9,-10.903653904996858
Nile,2009,10,-11.931286247271984
Nile,2009,11,-8.403269611390005
Nile,2009,12,-4.986697211172643
Nile,2010,1,-0.6817379380344057
Nile,2010,2,1.3329628275207632
Nile,2010,3,2.3773044153494247
Nile,2010,4,-4.526297000207514
Nile,2010,5,1.307524120011557
Nile,2010,6,-4.220741123267082
Nile,2010,7,1.6183801944942076
Nile,2010,8,2.9623752472143394
Nile,2010,9,4.641868960939803
Nile,2010,10,0.43418657910860503
Nile,2010,11,2.876406273093245
Nile,2010,12,-2.8862800679082348
Nile,2011,1,-0.942131982510567
Nile,2011,2,-2.6687314534412963
Nile,2011,3,-2.395690538302503
Nile,2011,4,-3.8528393590067154
Nile,2011,5,-0.41961652658167736
Nile,2011,6,-0.27444368198307245
Nile,2011,7,-1.8498677274609747
Nile,2011,8,-0.7228727235133618
Nile,2011,9,5.631023741080028
Nile,2011,10,0.5088989415377512
Nile,2011,11,6.800861364308325
Nile,2011,12,2.401615605512557
Nile,2012,1,-2.8287690578400415
Nile,2012,2,-4.793021218882355
Nile,2012,3,-6.304274333625285
Nile,2012,4,2.2146046283653646
Nile,2012,5,-5.806460271395821
Nile,2012,6,1.8477772796128846
Nile,2012,7,9.806746637200476
Nile,2012,8,7.778816563332711
Nile,2012,9,8.663799904476363
Nile,2012,10,15.029024523643393
Nile,2012,11,-5.191050905745307
Nile,2012,12,5.059336143853724
Nile,2013,1,3.4949347797275294
Nile,2013,2,2.2885760810697917
Nile,2013,3,2.249606048976073
Nile,2013,4,-3.912292353048997
Nile,2013,5,2.2692442871618326
Nile,2013,6,-3.818745165520376
Nile,2013,7,-3.213647746747256
Nile,2013,8,6.945346233449726
Nile,2013,9,5.25981002435789
Nile,2013,10,0.08465490902410266
Nile,2013,11,6.944076106776407
Nile,2013,12,0.3940342861619044
Nile,2014,1,-0.6853753520955799
Nile,2014,2,-0.4676561717368255
Nile,2014,3,4.465662266318198
Nile,2014,4,4.929000810087917
Nile,2014,5,12.616398786932287
Nile,2014,6,3.2884975703376966
Nile,2014,7,4.50306700148208
Nile,2014,8,4.2085246899018784
Nile,2014,9,6.287603152879484
Nile,2014,10,3.7909571265449884
Nile,2014,11,9.718105387145656
Nile,2014,12,2.7768072550344876
Nile,2015,1,0.2031075605683732
Nile,2015,2,-1.579395757879503
Nile,2015,3,-0.24946263092152066
Nile,2015,4,-0.9504621067865848
Nile,2015,5,7.378440045120215
Nile,2015,6,3.3590111521545083
Nile,2015,7,-6.415929524620552
Nile,2015,8,-7.564957716755117
Nile,2015,9,-9.310522387862605
Nile,2015,10,-7.498349008290667
Nile,2015,11,2.611482689006145
Nile,2015,12,4.559780184215288
Nile,2016,1,2.7101397530526015
Nile,2016,2,0.3586207619034738
Nile,2016,3,-0.27591453979821523
Nile,2016,4,8.849633960930685
Nile,2016,5,-0.552748568879224
Nile,2016,6,4.117587727044878
Nile,2016,7,7.681020887041996
Nile,2016,8,3.298247261850051
Nile,2016,9,-3.351391682974807
Nile,2016,10,2.6967543812305976
Nile,2016,11,-15.132606220317285
Nile,2016,12,-4.227120493717564
Nile,2017,1,-6.415077367298117
Nile,2017,2,-0.7556669898139994
Nile,2017,3,-0.9602724526893454
Nile,2017,4,-3.6923357245487765
Nile,2017,5,5.186124274819626
Nile,2017,6,1.8040830666891594
Nile,2017,7,1.2842093447637808
Nile,2017,8,2.2401997161749705
Nile,2017,9,4.67842732568711
Nile,2017,10,-0.7054724383348585
Nile,2017,11,7.16701987458125
Nile,2017,12,-3.2459086790887497
Nile,2018,1,-2.739771641937214
Nile,2018,2,-1.3715582872364251
Nile,2018,3,3.9039343815561622
Nile,2018,4,1.2236107093052553
Nile,2018,5,7.380751637559108
Nile,2018,6,7.007848393548507
Nile,2018,7,1.3830988766098784
Nile,2018,8,-3.6457397755783774
Nile,2018,9,-6.732967770577233
Nile,2018,10,-6.941186719845206
Nile,2018,11,-1.4959688867270415
Nile,2018,12,-1.5532903540107341
Nile,2019,1,-2.293716324310065
Nile,2019,2,-1.2208981727912
Nile,2019,3,-3.567500990673256
Nile,2019,4,-4.0587674901821735
Nile,2019,5,1.351830001319236
Nile,2019,6,9.347852592435835
Nile,2019,7,8.09445666909076
Nile,2019,8,7.122256863292151
Nile,2019,9,6.503464641920843
Nile,2019,10,6.5239924562937475
Nile,2019,11,16.120033310968303
Nile,2019,12,12.154251770455097
Nile,2020,1,10.755421863970803
Nile,2020,2,8.47827866914809
Nile,2020,3,7.352848648240901
Nile,2020,4,10.145829526613948
Nile,2020,5,-3.558644308104732
Nile,2020,6,4.7297382298029405
Nile,2020,7,6.1905502412679425
Nile,2020,8,11.136862249203844
Nile,2020,9,13.989027519566292
Nile,2020,10,20.98678549129643
Nile,2020,11,-2.8053449533249477
Nile,2020,12,5.097505908354361
Nile,2021,1,3.864642086425846
Nile,2021,2,2.852989101901038
Nile,2021,3,2.1085178428545603
Nile,2021,4,-0.8666375354299234
Nile,2021,5,12.644323286652956
Nile,2021,6,7.114937963151597
Nile,2021,7,8.728999859885278
Nile,2021,8,6.271580839264544
Nile,2021,9,7.371344661179293
Nile,2021,10,3.0026050490658918
Nile,2021,11,6.890087831038905
Nile,2021,12,1.3650908907005288
Nile,2022,1,2.4961070849453826
Nile,2022,2,2.476717247043357
Nile,2022,3,-1.055041916846477
Nile,2022,4,-2.0267568393933857
Nile,2022,5,5.044183336558056
Nile,2022,6,1.9229046612262977
Nile,2022,7,4.984126025974774
Nile,2022,8,7.3739832463172235
Nile,2022,9,12.238715911788915
Nile,2022,10,4.490625424023889
Nile,2022,11,11.089607681291916
Nile,2022,12,5.212844197329147
Nile,2023,1,4.384989779472988
Nile,2023,2,-0.17632860424022212
Nile,2023,3,3.430807911253602
Nile,2023,4,2.6008767608273224
Nile,2023,5,5.429370103768811
Nile,2023,6,7.2730501248561765
Nile,2023,7,3.8739817517417947
Nile,2023,8,-2.0857690540015312
Nile,2023,9,-1.182214402553143
Nile,2023,10,-3.263605173933044
Nile,2023,11,12.680788100095953
Nile,2023,12,6.611529655204706
Nile,2024,1,4.800409123416596
Nile,2024,2,6.046517718942827
Nile,2024,3,4.137211839730735
Nile,2024,4,8.062663288152482
Nile,2024,5,-9.034301437314433
Nile,2024,6,-0.7165068373063406
Nile,2024,7,1.002393361776143
Nile,2024,8,6.73471940029053
Nile,2024,9,7.247344408471818
Nile,2024,10,18.379792994496114
Nile,2024,11,-3.2245426481920987
Nile,2024,12,4.539769031539301
Yangtze Basin,2002,1,0.36241682553470866
Yangtze Basin,2002,2,-0.26530498393347557
Yangtze Basin,2002,3,-1.8256804006838792
Yangtze Basin,2002,4,-9.299039673502179
Yangtze Basin,2002,5,-1.7769290719523667
Yangtze Basin,2002,6,-3.7714453300344246
Yangtze Basin,2002,7,-3.7929764615516746
Yangtze Basin,2002,8,-8.21688773214747
Yangtze Basin,2002,9,-12.863374907383502
Yangtze Basin,2002,10,-6.906714299034569
Yangtze Basin,2002,11,1.4101791224658982
Yangtze Basin,2002,12,1.3854074703057009
Yangtze Basin,2003,1,0.9792778719697424
Yangtze Basin,2003,2,1.27448284681293
Yangtze Basin,2003,3,-0.43996145631121664
Yangtze Basin,2003,4,-8.297332931361218
Yangtze Basin,2003,5,2.6855246890532527
Yangtze Basin,2003,6,-5.41893445244726
Yangtze Basin,2003,7,0.02480280137793045
Yangtze Basin,2003,8,0.5288015942124815
Yangtze Basin,2003,9,-3.949543800745829
Yangtze Basin,2003,10,-5.851780126754392
Yangtze Basin,2003,11,2.0232942615246117
Yangtze Basin,2003,12,0.7847887214907701
Yangtze Basin,2004,1,-1.467303170966197
Yangtze Basin,2004,2,-6.579874733549943
Yangtze Basin,2004,3,-9.50435460734851
Yangtze Basin,2004,4,3.5397880836812305
Yangtze Basin,2004,5,-22.6402149040294
Yangtze Basin,2004,6,-9.679373213344888
Yangtze Basin,2004,7,-8.077745530172635
Yangtze Basin,2004,8,-3.476411505926734
Yangtze Basin,2004,9,-7.4467381482227495
Yangtze Basin,2004,10,2.685853619140147
Yangtze Basin,2004,11,-8.430198415269224
Yangtze Basin,2004,12,0.3900122725568025
Yangtze Basin,2005,1,0.9450138179075722
Yangtze Basin,2005,2,0.5032865450549551
Yangtze Basin,2005,3,-0.6691943275412058
Yangtze Basin,2005,4,-6.734466899715805
Yangtze Basin,2005,5,3.3150661659487213
Yangtze Basin,2005,6,-2.3811728591774397
Yangtze Basin,2005,7,-2.5105962927291756
Yangtze Basin,2005,8,-3.439039450454473
Yangtze Basin,2005,9,2.919211062340551
Yangtze Basin,2005,10,-5.177084827436886
Yangtze Basin,2005,11,3.3796904914921413
Yangtze Basin,2005,12,-1.4244797592273635
Yangtze Basin,2006,1,1.0977840887843229
Yangtze Basin,2006,2,1.5180219586164725
Yangtze Basin,2006,3,-0.06979319838526266
Yangtze Basin,2006,4,-8.161701413272667
Yangtze Basin,2006,5,-2.8084635826207034
Yangtze Basin,2006,6,-4.109245319894839
Yangtze Basin,2006,7,-2.5455503239291346
Yangtze Basin,2006,8,-6.1396913263891975
Yangtze Basin,2006,9,-11.725138317353114
Yangtze Basin,2006,10,-4.379192317124435
Yangtze Basin,2006,11,-0.3364092657232902
Yangtze Basin,2006,12,-1.01067834097082
Yangtze Basin,2007,1,-1.7047147261898914
Yangtze Basin,2007,2,-0.31265014366125143
Yangtze Basin,2007,3,-3.811861845314702
Yangtze Basin,2007,4,-11.309588260203888
Yangtze Basin,2007,5,-4.237810312011362
Yangtze Basin,2007,6,-6.088527189727685
Yangtze Basin,2007,7,-5.082515352535708
Yangtze Basin,2007,8,0.7959495412213471
Yangtze Basin,2007,9,-0.062361475122344245
Yangtze Basin,2007,10,-5.532342347996789
Yangtze Basin,2007,11,-1.2352727785059088
Yangtze Basin,2007,12,-0.5600592100037467
Yangtze Basin,2008,1,-0.7592430824832412
Yangtze Basin,2008,2,-3.834906985694083
Yangtze Basin,2008,3,-2.075205311553411
Yangtze Basin,2008,4,8.911413419718684
Yangtze Basin,2008,5,-17.340298934229217
Yangtze Basin,2008,6,-5.234019473097931
Yangtze Basin,2008,7,-2.815566848174768
Yangtze Basin,2008,8,-5.169069113631252
Yangtze Basin,2008,9,3.510501230962376
Yangtze Basin,2008,10,7.749428101909004
Yangtze Basin,2008,11,-9.098607956106424
Yangtze Basin,2008,12,0.7648089800705158
Yangtze Basin,2009,1,-0.49571883113167203
Yangtze Basin,2009,2,0.30894196936612417
Yangtze Basin,2009,3,-1.1538520650058999
Yangtze Basin,2009,4,-6.6732691372567245
Yangtze Basin,2009,5,3.073726569259776
Yangtze Basin,2009,6,-4.256238998221889
Yangtze Basin,2009,7,1.091202115021673
Yangtze Basin,2009,8,4.646654563699528
Yangtze Basin,2009,9,-0.3390045558135881
Yangtze Basin,2009,10,-4.060461389244324
Yangtze Basin,2009,11,-0.2257097960488892
Yangtze Basin,2009,12,-0.22640783767759132
Yangtze Basin,2010,1,0.38749089846453444
Yangtze Basin,2010,2,-1.0558617720251107
Yangtze Basin,2010,3,-4.410836997147769
Yangtze Basin,2010,4,-9.744369765281832
Yangtze Basin,2010,5,-0.14156809076774834
Yangtze Basin,2010,6,-1.5647660395947725
Yangtze Basin,2010,7,-2.7097827280029776
Yangtze Basin,2010,8,-0.24813504374814954
Yangtze Basin,2010,9,2.4412598722518197
Yangtze Basin,2010,10,-2.471062764873899
Yangtze Basin,2010,11,1.921549250669024
Yangtze Basin,2010,12,-1.1768789732496323
Yangtze Basin,2011,1,-1.4415476134224754
Yangtze Basin,2011,2,0.15752547003846473
Yangtze Basin,2011,3,-3.463722419791864
Yangtze Basin,2011,4,-7.716265629638421
Yangtze Basin,2011,5,-0.6588595398712727
Yangtze Basin,2011,6,0.9325302485952705
Yangtze Basin,2011,7,-4.5458695254296515
Yangtze Basin,2011,8,-0.528572175793073
Yangtze Basin,2011,9,-5.414253816218761
Yangtze Basin,2011,10,-2.3954763050314654
Yangtze Basin,2011,11,4.633646175818747
Yangtze Basin,2011,12,-0.5158749224334009
Yangtze Basin,2012,1,-1.529649717862057
Yangtze Basin,2012,2,-4.806326558732117
Yangtze Basin,2012,3,-7.861208741260299
Yangtze Basin,2012,4,11.31735950546453
Yangtze Basin,2012,5,-15.656990640207425
Yangtze Basin,2012,6,-1.7143086042619586
Yangtze Basin,2012,7,3.582517814681154
Yangtze Basin,2012,8,1.9683225071376853
Yangtze Basin,2012,9,-2.439918480064833
Yangtze Basin,2012,10,7.891238858520055
Yangtze Basin,2012,11,-8.29652694167526
Yangtze Basin,2012,12,0.4978564848534326
Yangtze Basin,2013,1,1.3185276165725526
Yangtze Basin,2013,2,0.5906623349584805
Yangtze Basin,2013,3,-0.9424898452097565
Yangtze Basin,2013,4,-5.337841067471373
Yangtze Basin,2013,5,7.616713757460758
Yangtze Basin,2013,6,6.836233735883468
Yangtze Basin,2013,7,3.9081302935121016
Yangtze Basin,2013,8,-4.846789516504828
Yangtze Basin,2013,9,0.31902146974296386
Yangtze Basin,2013,10,-3.6259777538530145
Yangtze Basin,2013,11,1.6905409252682446
Yangtze Basin,2013,12,-2.1387002600960088
Yangtze Basin,2014,1,-1.2307338578174125
Yangtze Basin,2014,2,-0.21464406194385788
Yangtze Basin,2014,3,0.3695167767635965
Yangtze Basin,2014,4,-0.01750736263065278
Yangtze Basin,2014,5,3.203710205163759
Yangtze Basin,2014,6,-2.788154947623241
Yangtze Basin,2014,7,2.796956370773543
Yangtze Basin,2014,8,-3.1682256162250866
Yangtze Basin,2014,9,6.399340723631482
Yangtze Basin,2014,10,0.04941038322795066
Yangtze Basin,2014,11,4.0796331539088655
Yangtze Basin,2014,12,-0.7540050595791925
Yangtze Basin,2015,1,0.7046447820044328
Yangtze Basin,2015,2,0.6932845633303941
Yangtze Basin,2015,3,6.626744379440254
Yangtze Basin,2015,4,-2.081562693318226
Yangtze Basin,2015,5,11.876240687597232
Yangtze Basin,2015,6,3.8401563559339564
Yangtze Basin,2015,7,-3.436386524028208
Yangtze Basin,2015,8,-2.2731810976717526
Yangtze Basin,2015,9,0.22232037379203007
Yangtze Basin,2015,10,-2.426311155524388
Yangtze Basin,2015,11,4.157112994211367
Yangtze Basin,2015,12,0.3744132330368366
Yangtze Basin,2016,1,0.034966555408168176
Yangtze Basin,2016,2,-0.4779189782992219
Yangtze Basin,2016,3,1.3309105538679233
Yangtze Basin,2016,4,17.3155552785461
Yangtze Basin,2016,5,-8.969695234171866
Yangtze Basin,2016,6,3.3693993531894932
Yangtze Basin,2016,7,4.162941598159264
Yangtze Basin,2016,8,3.1413638917601503
Yangtze Basin,2016,9,3.0442081272775
Yangtze Basin,2016,10,13.197176751690648
Yangtze Basin,2016,11,-5.337533689221257
Yangtze Basin,2016,12,3.21192630673767
Yangtze Basin,2017,1,2.083428078037752
Yangtze Basin,2017,2,1.6632696965442477
Yangtze Basin,2017,3,3.9452648411443434
Yangtze Basin,2017,4,0.010836439959511779
Yangtze Basin,2017,5,10.693509690017734
Yangtze Basin,2017,6,3.476580127512733
Yangtze Basin,2017,7,3.3392527368602742
Yangtze Basin,2017,8,4.313798302351415
Yangtze Basin,2017,9,8.473703413067554
Yangtze Basin,2017,10,1.2678034195613392
Yangtze Basin,2017,11,4.0032216614498
Yangtze Basin,2017,12,-0.09354782821166197
Yangtze Basin,2018,1,0.10659018722661173
Yangtze Basin,2018,2,2.597859852675491
Yangtze Basin,2018,3,2.921833167163932
Yangtze Basin,2018,4,0.35309588274243
Yangtze Basin,2018,5,12.42077285311791
Yangtze Basin,2018,6,7.474408499866399
Yangtze Basin,2018,7,3.1633338842444942
Yangtze Basin,2018,8,8.137730003135573
Yangtze Basin,2018,9,-2.0060094461550477
Yangtze Basin,2018,10,-4.671733206271661
Yangtze Basin,2018,11,3.3590230495931266
Yangtze Basin,2018,12,-0.35453058266575965
Yangtze Basin,2019,1,0.3642342214887435
Yangtze Basin,2019,2,0.46946158197771126
Yangtze Basin,2019,3,2.4570692148793967
Yangtze Basin,2019,4,0.7426802591167387
Yangtze Basin,2019,5,8.874858449456624
Yangtze Basin,2019,6,2.5001367515644404
Yangtze Basin,2019,7,-0.016293656757767394
Yangtze Basin,2019,8,3.1150648090664106
Yangtze Basin,2019,9,1.2566961010852253
Yangtze Basin,2019,10,-2.933618941362539
Yangtze Basin,2019,11,3.2492382329060305
Yangtze Basin,2019,12,-0.21589425133741358
Yangtze Basin,2020,1,0.831804437587305
Yangtze Basin,2020,2,2.8213439951557717
Yangtze Basin,2020,3,3.0334553729793186
Yangtze Basin,2020,4,17.720788285112107
Yangtze Basin,2020,5,-10.89184466216875
Yangtze Basin,2020,6,6.138687120274668
Yangtze Basin,2020,7,2.351577860838873
Yangtze Basin,2020,8,7.093783838244448
Yangtze Basin,2020,9,-1.070840632211528
Yangtze Basin,2020,10,10.048179410298161
Yangtze Basin,2020,11,-6.202075457079449
Yangtze Basin,2020,12,1.242268633349017
Yangtze Basin,2021,1,-0.3115557481551008
Yangtze Basin,2021,2,2.125430345734415
Yangtze Basin,2021,3,3.984198854887204
Yangtze Basin,2021,4,-1.2004469239358357
Yangtze Basin,2021,5,11.291487388094254
Yangtze Basin,2021,6,6.252041041991333
Yangtze Basin,2021,7,5.297990530846988
Yangtze Basin,2021,8,3.871368161831427
Yangtze Basin,2021,9,11.31819169264574
Yangtze Basin,2021,10,-1.2606480948425158
Yangtze Basin,2021,11,2.7716953201126415
Yangtze Basin,2021,12,0.5828805575230938
Yangtze Basin,2022,1,0.04346796359935112
Yangtze Basin,2022,2,1.1962508242991703
Yangtze Basin,2022,3,5.344667077256773
Yangtze Basin,2022,4,1.6054618246714014
Yangtze Basin,2022,5,10.007106342290086
Yangtze Basin,2022,6,5.102240190710958
Yangtze Basin,2022,7,1.7176086742614274
Yangtze Basin,2022,8,-2.9951623417700546
Yangtze Basin,2022,9,-4.030832534204478
Yangtze Basin,2022,10,-3.480555547867958
Yangtze Basin,2022,11,5.284734351533473
Yangtze Basin,2022,12,-1.746355423072302
Yangtze Basin,2023,1,-1.435996668829457
Yangtze Basin,2023,2,-0.9660430367216222
Yangtze Basin,2023,3,1.737311551519383
Yangtze Basin,2023,4,-3.940733398410977
Yangtze Basin,2023,5,8.836291215392677
Yangtze Basin,2023,6,-0.12431190533268932
Yangtze Basin,2023,7,-1.3501100362176572
Yangtze Basin,2023,8,2.6588263575302875
Yangtze Basin,2023,9,7.18381938815007
Yangtze Basin,2023,10,1.3735534805539587
Yangtze Basin,2023,11,4.178866540487036
Yangtze Basin,2023,12,1.2582497049324495
Yangtze Basin,2024,1,1.1168160722717424
Yangtze Basin,2024,2,2.5937092699960047
Yangtze Basin,2024,3,4.477189425651602
Yangtze Basin,2024,4,18.99714617698706
Yangtze Basin,2024,5,-8.772333040822645
Yangtze Basin,2024,6,1.208084907236028
Yangtze Basin,2024,7,5.447078598951634
Yangtze Basin,2024,8,0.22950135007113204
Yangtze Basin,2024,9,4.259742658548518
Yangtze Basin,2024,10,10.910315052317564
Yangtze Basin,2024,11,-6.980091231811361
Yangtze Basin,2024,12,-0.2751999163314167
