basin,year,month,ET_mm
Amazon Basin,2002,1,127.77744668376874
Amazon Basin,2002,2,124.64453903631
Amazon Basin,2002,3,123.93345327212997
Amazon Basin,2002,4,89.4546621333445
Amazon Basin,2002,5,113.21530342651434
Amazon Basin,2002,6,111.39612841207058
Amazon Basin,2002,7,109.21417191202912
Amazon Basin,2002,8,104.68818445839958
Amazon Basin,2002,9,121.59601834477844
Amazon Basin,2002,10,90.5843245933172
Amazon Basin,2002,11,128.66873713741626
Amazon Basin,2002,12,112.8182977200027
Amazon Basin,2003,1,128.8925232349247
Amazon Basin,2003,2,124.73605869725829
Amazon Basin,2003,3,121.65685250473848
Amazon Basin,2003,4,89.87103685360071
Amazon Basin,2003,5,114.205631561793
Amazon Basin,2003,6,108.843141887931
Amazon Basin,2003,7,118.31975901470408
Amazon Basin,2003,8,118.6877233412743
Amazon Basin,2003,9,126.08633513332173
Amazon Basin,2003,10,94.93070738269058
Amazon Basin,2003,11,125.8188375060674
Amazon Basin,2003,12,113.60620293758528
Amazon Basin,2004,1,121.6542094936251
Amazon Basin,2004,2,126.46143682533634
Amazon Basin,2004,3,122.33262748966791
Amazon Basin,2004,4,115.34598227275175
Amazon Basin,2004,5,83.86530121167675
Amazon Basin,2004,6,113.70847641562438
Amazon Basin,2004,7,115.6925408557754
Amazon Basin,2004,8,122.23637874238436
Amazon Basin,2004,9,115.72525679017424
Amazon Basin,2004,10,126.62717614805716
Amazon Basin,2004,11,92.88426078836306
Amazon Basin,2004,12,113.1870899747011
Amazon Basin,2005,1,124.36672002337684
Amazon Basin,2005,2,123.99430269430562
Amazon Basin,2005,3,122.525022642876
Amazon Basin,2005,4,90.94737586914732
Amazon Basin,2005,5,113.65629617090146
Amazon Basin,2005,6,115.4458124113096
Amazon Basin,2005,7,121.27659655477272
Amazon Basin,2005,8,116.74487514285669
Amazon Basin,2005,9,122.99935263056344
Amazon Basin,2005,10,92.3055406087454
Amazon Basin,2005,11,122.70923134949253
Amazon Basin,2005,12,109.21703564394016
Amazon Basin,2006,1,123.61416554689268
Amazon Basin,2006,2,124.30917044801694
Amazon Basin,2006,3,122.06378312295207
Amazon Basin,2006,4,88.51380523594015
Amazon Basin,2006,5,110.06703169647083
Amazon Basin,2006,6,115.14053579392942
Amazon Basin,2006,7,118.85445826746462
Amazon Basin,2006,8,123.76178892775356
Amazon Basin,2006,9,127.89230282596787
Amazon Basin,2006,10,94.90484708739932
Amazon Basin,2006,11,126.81573443768228
Amazon Basin,2006,12,113.83853390542122
Amazon Basin,2007,1,129.67996463716042
Amazon Basin,2007,2,127.25043334405365
Amazon Basin,2007,3,124.14559974544386
Amazon Basin,2007,4,89.37473883641039
Amazon Basin,2007,5,113.53403308482837
Amazon Basin,2007,6,118.47251442959794
Amazon Basin,2007,7,115.87716052869916
Amazon Basin,2007,8,118.88955680438887
Amazon Basin,2007,9,114.06467761374164
Amazon Basin,2007,10,88.34724732471834
Amazon Basin,2007,11,121.7099384951424
Amazon Basin,2007,12,108.14320431989196
Amazon Basin,2008,1,119.23977625064278
Amazon Basin,2008,2,119.71809408014256
Amazon Basin,2008,3,118.43609484326883
Amazon Basin,2008,4,115.05639867325922
Amazon Basin,2008,5,80.37306322715337
Amazon Basin,2008,6,111.92722700899732
Amazon Basin,2008,7,116.822345510043
Amazon Basin,2008,8,118.32971045187466
Amazon Basin,2008,9,120.05552553806564
Amazon Basin,2008,10,122.47306730140104
Amazon Basin,2008,11,87.46247067424794
Amazon Basin,2008,12,107.9741928303794
Amazon Basin,2009,1,114.59933180388856
Amazon Basin,2009,2,117.81817401574548
Amazon Basin,2009,3,113.61221612049572
Amazon Basin,2009,4,83.71336240427944
Amazon Basin,2009,5,106.59658175466782
Amazon Basin,2009,6,104.22948275499805
Amazon Basin,2009,7,120.47558092257307
Amazon Basin,2009,8,125.89492662788614
Amazon Basin,2009,9,132.97583110166434
Amazon Basin,2009,10,93.2975803121025
Amazon Basin,2009,11,119.73575876570936
Amazon Basin,2009,12,107.22934074783106
Amazon Basin,2010,1,124.87262110995816
Amazon Basin,2010,2,121.34418650056855
Amazon Basin,2010,3,120.75493766666968
Amazon Basin,2010,4,89.03060010591255
Amazon Basin,2010,5,109.56185012800164
Amazon Basin,2010,6,113.16089034078294
Amazon Basin,2010,7,112.54393379681058
Amazon Basin,2010,8,115.46206771705666
Amazon Basin,2010,9,111.5305034979534
Amazon Basin,2010,10,86.50066016591053
Amazon Basin,2010,11,114.22522515350832
Amazon Basin,2010,12,102.47858803713824
Amazon Basin,2011,1,112.41022016767616
Amazon Basin,2011,2,113.431466273393
Amazon Basin,2011,3,111.1704038218588
Amazon Basin,2011,4,83.15811963904676
Amazon Basin,2011,5,109.81128104448884
Amazon Basin,2011,6,109.464327427673
Amazon Basin,2011,7,115.7379498643898
Amazon Basin,2011,8,121.60634156001116
Amazon Basin,2011,9,116.78053965456202
Amazon Basin,2011,10,85.66624096183165
Amazon Basin,2011,11,118.37106403746613
Amazon Basin,2011,12,106.47759084988532
Amazon Basin,2012,1,112.03910879562916
Amazon Basin,2012,2,114.14797775160626
Amazon Basin,2012,3,116.23004622041492
Amazon Basin,2012,4,108.75039592237822
Amazon Basin,2012,5,80.7456412314305
Amazon Basin,2012,6,110.45698844800732
Amazon Basin,2012,7,118.3793048201946
Amazon Basin,2012,8,125.67866687092489
Amazon Basin,2012,9,120.19545429321197
Amazon Basin,2012,10,118.45010885961688
Amazon Basin,2012,11,86.37538030800307
Amazon Basin,2012,12,108.5992742581119
Amazon Basin,2013,1,120.36245646563786
Amazon Basin,2013,2,116.5410887058095
Amazon Basin,2013,3,115.05377555590884
Amazon Basin,2013,4,87.33672256222594
Amazon Basin,2013,5,106.9152330408624
Amazon Basin,2013,6,107.1499552481189
Amazon Basin,2013,7,117.36693000202204
Amazon Basin,2013,8,116.37710531358624
Amazon Basin,2013,9,124.54988803246864
Amazon Basin,2013,10,89.85951768609291
Amazon Basin,2013,11,116.0932000416516
Amazon Basin,2013,12,105.0685925720339
Amazon Basin,2014,1,118.520463335648
Amazon Basin,2014,2,113.65022902612526
Amazon Basin,2014,3,113.4364935493152
Amazon Basin,2014,4,85.34634420160056
Amazon Basin,2014,5,106.1061056875809
Amazon Basin,2014,6,113.35961084417087
Amazon Basin,2014,7,120.54809417696116
Amazon Basin,2014,8,124.28813038793814
Amazon Basin,2014,9,123.21080333451502
Amazon Basin,2014,10,91.02687300299952
Amazon Basin,2014,11,119.57567460045024
Amazon Basin,2014,12,107.8682432266996
Amazon Basin,2015,1,118.8792141452387
Amazon Basin,2015,2,114.98904692955658
Amazon Basin,2015,3,115.61032011494532
Amazon Basin,2015,4,81.35285331551182
Amazon Basin,2015,5,109.76046259016842
Amazon Basin,2015,6,114.89283633812865
Amazon Basin,2015,7,121.2864445163718
Amazon Basin,2015,8,125.6161199694586
Amazon Basin,2015,9,129.16674263579392
Amazon Basin,2015,10,94.40822155144237
Amazon Basin,2015,11,125.77680380847838
Amazon Basin,2015,12,115.43116602653062
Amazon Basin,2016,1,124.37509512523305
Amazon Basin,2016,2,125.92866900430144
Amazon Basin,2016,3,120.82640507493971
Amazon Basin,2016,4,118.3453718752593
Amazon Basin,2016,5,82.52080178547303
Amazon Basin,2016,6,111.53426676148382
Amazon Basin,2016,7,116.73491167064267
Amazon Basin,2016,8,118.96079764969636
Amazon Basin,2016,9,121.33261414859066
Amazon Basin,2016,10,124.0359395051212
Amazon Basin,2016,11,90.08438341662492
Amazon Basin,2016,12,109.71920165331537
Amazon Basin,2017,1,116.88188458456992
Amazon Basin,2017,2,117.41854071319158
Amazon Basin,2017,3,116.17193878316333
Amazon Basin,2017,4,83.88132904943012
Amazon Basin,2017,5,111.1671968418159
Amazon Basin,2017,6,116.3891076853458
Amazon Basin,2017,7,124.08262504244269
Amazon Basin,2017,8,118.70204147789146
Amazon Basin,2017,9,116.21462352092192
Amazon Basin,2017,10,91.91029325486038
Amazon Basin,2017,11,120.53918929151146
Amazon Basin,2017,12,110.5254151176036
Amazon Basin,2018,1,123.27828658430909
Amazon Basin,2018,2,122.88646621286416
Amazon Basin,2018,3,118.20137580193752
Amazon Basin,2018,4,87.06587164640437
Amazon Basin,2018,5,113.36675130046962
Amazon Basin,2018,6,115.46470708439698
Amazon Basin,2018,7,119.27713680921416
Amazon Basin,2018,8,122.0106753736088
Amazon Basin,2018,9,125.22482585514253
Amazon Basin,2018,10,93.5125539460613
Amazon Basin,2018,11,119.32131211033344
Amazon Basin,2018,12,115.0266299343345
Amazon Basin,2019,1,121.4312424900673
Amazon Basin,2019,2,121.95293386610804
Amazon Basin,2019,3,118.4972843165891
Amazon Basin,2019,4,87.69705568045121
Amazon Basin,2019,5,113.5110199006088
Amazon Basin,2019,6,114.82268557851822
Amazon Basin,2019,7,116.5109133887536
Amazon Basin,2019,8,118.82859737219827
Amazon Basin,2019,9,117.3074197844264
Amazon Basin,2019,10,90.63060720596692
Amazon Basin,2019,11,119.09378648526962
Amazon Basin,2019,12,105.75369912169946
Amazon Basin,2020,1,125.61368303452592
Amazon Basin,2020,2,126.44011867670666
Amazon Basin,2020,3,118.6838248397422
Amazon Basin,2020,4,113.24085499669818
Amazon Basin,2020,5,83.37754665483399
Amazon Basin,2020,6,110.3662658374322
Amazon Basin,2020,7,117.7727888339794
Amazon Basin,2020,8,123.3547380406532
Amazon Basin,2020,9,115.32524531136164
Amazon Basin,2020,10,120.16207310619625
Amazon Basin,2020,11,86.6808131141219
Amazon Basin,2020,12,106.98023987830258
Amazon Basin,2021,1,119.02202416727822
Amazon Basin,2021,2,117.0489368264472
Amazon Basin,2021,3,115.4967293973159
Amazon Basin,2021,4,84.02071935201938
Amazon Basin,2021,5,113.43892268286092
Amazon Basin,2021,6,105.42479790535862
Amazon Basin,2021,7,115.05402169585884
Amazon Basin,2021,8,114.49836192156036
Amazon Basin,2021,9,122.68665146524071
Amazon Basin,2021,10,89.8579628223575
Amazon Basin,2021,11,116.97983680160355
Amazon Basin,2021,12,106.1354362882638
Amazon Basin,2022,1,121.98480021978288
Amazon Basin,2022,2,118.95711158505004
Amazon Basin,2022,3,119.15866456336168
Amazon Basin,2022,4,87.69227562813423
Amazon Basin,2022,5,112.14484547909372
Amazon Basin,2022,6,109.21461533877098
Amazon Basin,2022,7,114.86839652647276
Amazon Basin,2022,8,115.47712866049892
Amazon Basin,2022,9,118.12216638511023
Amazon Basin,2022,10,88.61011503121394
Amazon Basin,2022,11,123.06616094655344
Amazon Basin,2022,12,108.99148165646235
Amazon Basin,2023,1,120.14690265892084
Amazon Basin,2023,2,123.4423344056488
Amazon Basin,2023,3,118.6274470679935
Amazon Basin,2023,4,88.22873709908986
Amazon Basin,2023,5,114.2748364033198
Amazon Basin,2023,6,114.67144833948672
Amazon Basin,2023,7,120.53084071028192
Amazon Basin,2023,8,124.43090053217075
Amazon Basin,2023,9,125.41249247218131
Amazon Basin,2023,10,89.1028348968578
Amazon Basin,2023,11,123.59643533518548
Amazon Basin,2023,12,109.70758921000478
Amazon Basin,2024,1,127.54598331281468
Amazon Basin,2024,2,125.37775414044584
Amazon Basin,2024,3,120.33219656351976
Amazon Basin,2024,4,120.55878433572646
Amazon Basin,2024,5,87.13802584165907
Amazon Basin,2024,6,115.49180858911492
Amazon Basin,2024,7,118.51760313089068
Amazon Basin,2024,8,115.13932384076875
Amazon Basin,2024,9,103.9172773292856
Amazon Basin,2024,10,118.61495273890684
Amazon Basin,2024,11,92.36361755848804
Amazon Basin,2024,12,114.4835733678836
California,2002,1,19.71930958240763
California,2002,2,24.847199287999597
California,2002,3,33.58270429450415
California,2002,4,30.349584431609657
California,2002,5,40.01734253873813
California,2002,6,40.09470722165427
California,2002,7,30.60827053560868
California,2002,8,22.903146941849727
California,2002,9,21.08049159697019
California,2002,10,14.525046732404135
California,2002,11,17.114312482837676
California,2002,12,17.682787730273464
California,2003,1,22.01514663056851
California,2003,2,27.50797805914127
California,2003,3,36.65043928745244
California,2003,4,32.42348606628081
California,2003,5,46.621933477212714
California,2003,6,44.096922651764
California,2003,7,30.491128708971733
California,2003,8,30.506413240955418
California,2003,9,23.053505621444852
California,2003,10,13.069498028567788
California,2003,11,19.642459007167776
California,2003,12,17.496277150335455
California,2004,1,21.404876776614177
California,2004,2,28.316566625086363
California,2004,3,36.53314229583791
California,2004,4,37.952125266653674
California,2004,5,31.467702185535934
California,2004,6,42.3300952056332
California,2004,7,34.361650862570244
California,2004,8,26.92655388448234
California,2004,9,23.46007024885777
California,2004,10,24.03856032238596
California,2004,11,16.84937966726825
California,2004,12,19.197988292882098
California,2005,1,24.74043036435227
California,2005,2,35.59253405528439
California,2005,3,41.20369336124555
California,2005,4,35.23929500326205
California,2005,5,52.97919478346398
California,2005,6,48.36405469485832
California,2005,7,34.66303755303742
California,2005,8,28.757617742972364
California,2005,9,26.489941269674546
California,2005,10,17.900596935007613
California,2005,11,17.902817048023245
California,2005,12,17.082793722935545
California,2006,1,20.30097416725493
California,2006,2,24.101497538888747
California,2006,3,37.448205387248024
California,2006,4,36.84768194348336
California,2006,5,50.071004164933846
California,2006,6,44.138277593812205
California,2006,7,31.23878431490602
California,2006,8,29.40817515370333
California,2006,9,24.65337269762784
California,2006,10,15.90019114588336
California,2006,11,17.114536469050044
California,2006,12,15.63903726758525
California,2007,1,17.930107839016653
California,2007,2,24.54776959471331
California,2007,3,31.740105798061027
California,2007,4,28.28305045761627
California,2007,5,39.5288773888457
California,2007,6,37.61817214812039
California,2007,7,31.03459346652224
California,2007,8,27.78829685348361
California,2007,9,25.814332420717907
California,2007,10,15.728719006527236
California,2007,11,15.757451986746888
California,2007,12,16.92591807365312
California,2008,1,20.886670911740524
California,2008,2,27.798708903653313
California,2008,3,32.82792458610575
California,2008,4,35.99051408273049
California,2008,5,29.41564401327092
California,2008,6,36.303923483757345
California,2008,7,31.771799104783685
California,2008,8,24.729225430473782
California,2008,9,21.040773873995633
California,2008,10,18.35194040575282
California,2008,11,13.722201365756469
California,2008,12,17.639784871678824
California,2009,1,19.51240236771503
California,2009,2,27.730628833951496
California,2009,3,33.732829765473014
California,2009,4,28.02804521548373
California,2009,5,40.989242316508616
California,2009,6,43.41922260307266
California,2009,7,28.930528101690065
California,2009,8,25.280596484056115
California,2009,9,20.12107251545348
California,2009,10,17.363582161450108
California,2009,11,16.444581931836
California,2009,12,17.504146793858816
California,2010,1,21.920478096994188
California,2010,2,30.0868543760996
California,2010,3,34.72609009304476
California,2010,4,32.470223054833056
California,2010,5,44.4011347088329
California,2010,6,47.65689497807303
California,2010,7,38.98303726512218
California,2010,8,30.855242922824107
California,2010,9,26.19554413525781
California,2010,10,17.794683756470477
California,2010,11,18.878937858158004
California,2010,12,18.7520618227482
California,2011,1,22.603617057528226
California,2011,2,26.169582882209237
California,2011,3,38.56855644216524
California,2011,4,33.48179745096205
California,2011,5,45.49456099082891
California,2011,6,48.17415110007599
California,2011,7,44.726209435092926
California,2011,8,32.698160762580265
California,2011,9,25.53343599385267
California,2011,10,17.29849854179925
California,2011,11,18.671997599818244
California,2011,12,14.543371233346404
California,2012,1,16.778683285688256
California,2012,2,23.18901358143449
California,2012,3,30.865665950601812
California,2012,4,40.762015827229625
California,2012,5,31.621806820040927
California,2012,6,41.0510551217769
California,2012,7,34.78605511684357
California,2012,8,23.80676666476279
California,2012,9,21.554312769839267
California,2012,10,21.77515584215781
California,2012,11,14.429018087453544
California,2012,12,18.967594992123686
California,2013,1,20.376905409221024
California,2013,2,24.743680154710873
California,2013,3,32.671301432325286
California,2013,4,27.898271856044737
California,2013,5,39.84314046430554
California,2013,6,37.657129350717035
California,2013,7,31.85551828246848
California,2013,8,31.06670387545097
California,2013,9,24.471404579184753
California,2013,10,14.570818978158725
California,2013,11,17.079362065412777
California,2013,12,13.891907711301904
California,2014,1,14.250216354097509
California,2014,2,23.658320270390316
California,2014,3,29.63873485949687
California,2014,4,27.967523407503915
California,2014,5,38.199869078300104
California,2014,6,34.99496311738533
California,2014,7,26.92278799884802
California,2014,8,29.15247631019924
California,2014,9,22.506985107187788
California,2014,10,14.514771533884332
California,2014,11,17.85210716074043
California,2014,12,19.564682626790496
California,2015,1,22.712152635170355
California,2015,2,27.473723218137003
California,2015,3,32.05622749809756
California,2015,4,27.614952159915305
California,2015,5,42.08421396574641
California,2015,6,34.24788766517776
California,2015,7,35.29298044218055
California,2015,8,26.527730304097737
California,2015,9,21.454009696340258
California,2015,10,14.865950264790474
California,2015,11,17.547125495747615
California,2015,12,16.342331010822946
California,2016,1,22.60488152029443
California,2016,2,26.118324538903707
California,2016,3,37.788305623999754
California,2016,4,43.91877126342624
California,2016,5,36.22486149240643
California,2016,6,37.33440971225843
California,2016,7,30.025706898026577
California,2016,8,23.923192655665936
California,2016,9,22.01141498837696
California,2016,10,21.599058596055652
California,2016,11,13.949063643436094
California,2016,12,18.76148925246348
California,2017,1,22.42210702406974
California,2017,2,29.653073910832195
California,2017,3,39.67609828053904
California,2017,4,33.331853172974974
California,2017,5,47.19166659409619
California,2017,6,40.684914564772335
California,2017,7,25.228794262755528
California,2017,8,22.90491539261614
California,2017,9,26.434136251571527
California,2017,10,12.76208610234552
California,2017,11,18.53117302507441
California,2017,12,12.557972307039073
California,2018,1,19.496734347923
California,2018,2,22.11338365566638
California,2018,3,33.28157777074367
California,2018,4,29.057417315406145
California,2018,5,47.57225793077507
California,2018,6,40.88607125020544
California,2018,7,24.48710244963152
California,2018,8,23.645417015366007
California,2018,9,21.83597751307374
California,2018,10,13.986940540217372
California,2018,11,14.807282182038186
California,2018,12,17.966468585291167
California,2019,1,22.919503987020043
California,2019,2,28.188414188882696
California,2019,3,39.26271588495768
California,2019,4,36.26594523328808
California,2019,5,52.51602194961726
California,2019,6,46.76777463502697
California,2019,7,35.562187762637244
California,2019,8,26.412015763824407
California,2019,9,26.00064714766708
California,2019,10,12.670798584440638
California,2019,11,16.662509160343504
California,2019,12,20.38231362961444
California,2020,1,22.46267540918092
California,2020,2,24.079313347779944
California,2020,3,37.88066959961876
California,2020,4,45.95461208621671
California,2020,5,33.056425859933825
California,2020,6,41.95958503829458
California,2020,7,30.476060322197405
California,2020,8,23.012772544462152
California,2020,9,15.870300615808596
California,2020,10,15.85217167169077
California,2020,11,11.641944617436604
California,2020,12,14.983672032974358
California,2021,1,19.94100941696643
California,2021,2,22.760514292691948
California,2021,3,30.513367330936315
California,2021,4,25.09747444611808
California,2021,5,35.91682631271586
California,2021,6,29.761410168956413
California,2021,7,22.034183669582664
California,2021,8,21.794256106907284
California,2021,9,18.90737165808392
California,2021,10,16.616976425247092
California,2021,11,19.369429358914488
California,2021,12,18.086241597470572
California,2022,1,21.535269650059583
California,2022,2,23.899408092032637
California,2022,3,31.524172016690176
California,2022,4,26.331758559229804
California,2022,5,35.811839285638506
California,2022,6,34.59188207494771
California,2022,7,26.772454404170947
California,2022,8,21.72431209292295
California,2022,9,22.732443167681232
California,2022,10,11.438478629487788
California,2022,11,18.483256878050607
California,2022,12,18.943170396764938
California,2023,1,22.917000299335356
California,2023,2,27.613075917839296
California,2023,3,38.75058348199642
California,2023,4,34.0173302303671
California,2023,5,52.820835205417595
California,2023,6,45.98496380687893
California,2023,7,30.94537458764036
California,2023,8,32.65794660423061
California,2023,9,28.552089203915394
California,2023,10,14.55067248025177
California,2023,11,17.65226055302216
California,2023,12,17.559299734669434
California,2024,1,23.696046400837357
California,2024,2,30.55871905768425
California,2024,3,39.95689974060963
California,2024,4,46.72926422648734
California,2024,5,34.13310410708433
California,2024,6,37.564983486727726
California,2024,7,19.73676825603954
California,2024,8,24.17794057080238
California,2024,9,19.04835272631758
California,2024,10,16.701609720682093
California,2024,11,12.643310167649656
California,2024,12,17.23469179501414
Colorado,2002,1,19.430669270628893
Colorado,2002,2,15.412569161644832
Colorado,2002,3,15.199243273665214
Colorado,2002,4,9.282276700463482
Colorado,2002,5,9.269215747628955
Colorado,2002,6,10.07534128300862
Colorado,2002,7,12.312223893005871
Colorado,2002,8,11.148121560404352
Colorado,2002,9,14.894291228179624
Colorado,2002,10,9.69724659820356
Colorado,2002,11,17.184543526166806
Colorado,2002,12,19.9115483235296
Colorado,2003,1,19.27663118503032
Colorado,2003,2,25.037058139371155
Colorado,2003,3,21.29985776720645
Colorado,2003,4,12.556686934365134
Colorado,2003,5,14.856981666436305
Colorado,2003,6,14.979804554289544
Colorado,2003,7,13.595846486007492
Colorado,2003,8,16.748241992375867
Colorado,2003,9,12.368789141820868
Colorado,2003,10,6.646217800227176
Colorado,2003,11,19.136172603135343
Colorado,2003,12,18.127350282285235
Colorado,2004,1,22.28469561366182
Colorado,2004,2,24.11219579787073
Colorado,2004,3,17.05828114318711
Colorado,2004,4,16.775781624376368
Colorado,2004,5,10.236768749377248
Colorado,2004,6,14.37480565655448
Colorado,2004,7,15.214276406326867
Colorado,2004,8,15.99157028848984
Colorado,2004,9,12.787654252264833
Colorado,2004,10,17.37885379457219
Colorado,2004,11,18.161325925186095
Colorado,2004,12,21.11209742009064
Colorado,2005,1,24.067781686789058
Colorado,2005,2,31.437106140467684
Colorado,2005,3,26.4522421188276
Colorado,2005,4,16.67594183212875
Colorado,2005,5,20.200636465707984
Colorado,2005,6,18.64529672421547
Colorado,2005,7,16.235428480653194
Colorado,2005,8,19.254314888617127
Colorado,2005,9,12.699944478287918
Colorado,2005,10,11.353473730936871
Colorado,2005,11,13.913326841757714
Colorado,2005,12,15.62963898045856
Colorado,2006,1,17.958276812644687
Colorado,2006,2,15.403081541669785
Colorado,2006,3,24.2475091021618
Colorado,2006,4,10.329391148665744
Colorado,2006,5,11.925533095725743
Colorado,2006,6,13.207172113368587
Colorado,2006,7,16.71821294587371
Colorado,2006,8,18.06731877117882
Colorado,2006,9,15.96332654378466
Colorado,2006,10,13.866873245030266
Colorado,2006,11,16.11072740494828
Colorado,2006,12,19.222110011081043
Colorado,2007,1,22.17130607846591
Colorado,2007,2,21.859279508737306
Colorado,2007,3,17.226683911085626
Colorado,2007,4,13.682491810345148
Colorado,2007,5,15.320418161656876
Colorado,2007,6,13.403359541409433
Colorado,2007,7,16.57316190251426
Colorado,2007,8,16.382403454495947
Colorado,2007,9,12.920506044358753
Colorado,2007,10,8.11152271543619
Colorado,2007,11,11.6130326924285
Colorado,2007,12,18.680404837981
Colorado,2008,1,21.84319872583588
Colorado,2008,2,23.072350562494886
Colorado,2008,3,20.052121858088867
Colorado,2008,4,15.634072437756297
Colorado,2008,5,13.071142717871911
Colorado,2008,6,14.512831195670422
Colorado,2008,7,18.80368389149917
Colorado,2008,8,18.163504782521997
Colorado,2008,9,12.62958264749376
Colorado,2008,10,10.528878817744776
Colorado,2008,11,11.669495907326908
Colorado,2008,12,19.968914493170157
Colorado,2009,1,21.22861093600988
Colorado,2009,2,20.564012543866827
Colorado,2009,3,19.393281333010815
Colorado,2009,4,14.18664087652332
Colorado,2009,5,16.889900695374806
Colorado,2009,6,20.014841132224493
Colorado,2009,7,16.538126093069206
Colorado,2009,8,12.994277073142255
Colorado,2009,9,12.249118219704652
Colorado,2009,10,10.98471423297226
Colorado,2009,11,13.438732696600212
Colorado,2009,12,18.55468085784955
Colorado,2010,1,22.879119473700943
Colorado,2010,2,27.656799992404924
Colorado,2010,3,24.680330593178596
Colorado,2010,4,15.208663647694296
Colorado,2010,5,18.11651851599129
Colorado,2010,6,17.960626508864344
Colorado,2010,7,20.16885898107192
Colorado,2010,8,19.616573591539208
Colorado,2010,9,12.903947553801354
Colorado,2010,10,12.359548592026709
Colorado,2010,11,17.19041070624106
Colorado,2010,12,18.35786233429301
Colorado,2011,1,20.271509681919195
Colorado,2011,2,20.72110032816924
Colorado,2011,3,20.203126213008684
Colorado,2011,4,17.37533698670993
Colorado,2011,5,19.81078889824987
Colorado,2011,6,14.968806596289438
Colorado,2011,7,20.322336644871985
Colorado,2011,8,16.791642508535908
Colorado,2011,9,16.14694304585252
Colorado,2011,10,8.997073409362898
Colorado,2011,11,19.452426782913538
Colorado,2011,12,20.313159543248116
Colorado,2012,1,17.419766804146967
Colorado,2012,2,22.669346758894537
Colorado,2012,3,16.209413307290426
Colorado,2012,4,13.989060119506805
Colorado,2012,5,8.762842631931717
Colorado,2012,6,11.405595128813632
Colorado,2012,7,17.808545914276866
Colorado,2012,8,15.845913308088868
Colorado,2012,9,12.418068627224471
Colorado,2012,10,10.70306363430896
Colorado,2012,11,11.03125627951376
Colorado,2012,12,18.86911249057551
Colorado,2013,1,21.014712627016472
Colorado,2013,2,21.4368592401246
Colorado,2013,3,17.342895132040077
Colorado,2013,4,14.07280402987505
Colorado,2013,5,14.326055702247404
Colorado,2013,6,12.660893656594514
Colorado,2013,7,18.515646885974853
Colorado,2013,8,20.61798264190371
Colorado,2013,9,19.618716350900662
Colorado,2013,10,12.00291022686054
Colorado,2013,11,20.388525879154212
Colorado,2013,12,19.48013841610878
Colorado,2014,1,17.489353170129366
Colorado,2014,2,21.17801056617515
Colorado,2014,3,18.2149271342523
Colorado,2014,4,13.38371163476616
Colorado,2014,5,14.969202928588317
Colorado,2014,6,13.317612005783932
Colorado,2014,7,19.389670213229063
Colorado,2014,8,20.97835154601897
Colorado,2014,9,18.109403631903813
Colorado,2014,10,10.652765509730989
Colorado,2014,11,17.080347023533594
Colorado,2014,12,21.618276149090132
Colorado,2015,1,24.328431027347435
Colorado,2015,2,22.05948373461765
Colorado,2015,3,15.597777149769168
Colorado,2015,4,13.79760471745046
Colorado,2015,5,23.468382845280672
Colorado,2015,6,20.14433240003942
Colorado,2015,7,23.67982935155222
Colorado,2015,8,19.642808777677416
Colorado,2015,9,15.961748907373808
Colorado,2015,10,13.86835779592245
Colorado,2015,11,18.711858947634365
Colorado,2015,12,19.34835604197507
Colorado,2016,1,22.567536712585767
Colorado,2016,2,18.28594381902057
Colorado,2016,3,19.54649372271754
Colorado,2016,4,23.76514047638739
Colorado,2016,5,14.93904066138663
Colorado,2016,6,17.87974529547382
Colorado,2016,7,18.84165687624556
Colorado,2016,8,19.94640041403092
Colorado,2016,9,16.45913814685787
Colorado,2016,10,14.262210590178178
Colorado,2016,11,12.34360243756834
Colorado,2016,12,21.26947202326504
Colorado,2017,1,23.6174138813999
Colorado,2017,2,26.64670240482276
Colorado,2017,3,21.494539840367327
Colorado,2017,4,14.184664600047368
Colorado,2017,5,19.09965563007831
Colorado,2017,6,16.394689378483974
Colorado,2017,7,21.58471033658559
Colorado,2017,8,19.44983665771281
Colorado,2017,9,16.106687582171045
Colorado,2017,10,7.721796901677555
Colorado,2017,11,14.13023694350106
Colorado,2017,12,12.7024920708303
Colorado,2018,1,16.711102734172904
Colorado,2018,2,19.998348593059426
Colorado,2018,3,19.18361243162809
Colorado,2018,4,9.85797303483923
Colorado,2018,5,13.71915258438481
Colorado,2018,6,13.75361873701146
Colorado,2018,7,16.767500020074475
Colorado,2018,8,16.33622641552751
Colorado,2018,9,14.564208261372205
Colorado,2018,10,16.404640760798312
Colorado,2018,11,16.403125058503527
Colorado,2018,12,19.037279982815697
Colorado,2019,1,23.431919048140912
Colorado,2019,2,26.305010855448753
Colorado,2019,3,26.486655130774896
Colorado,2019,4,18.07596841705053
Colorado,2019,5,25.247698570974087
Colorado,2019,6,20.202161207726903
Colorado,2019,7,22.008256422667124
Colorado,2019,8,19.386930385836894
Colorado,2019,9,16.84638957379176
Colorado,2019,10,9.48963112331252
Colorado,2019,11,16.88680312801685
Colorado,2019,12,21.581360958439035
Colorado,2020,1,22.89479158033901
Colorado,2020,2,22.914512177791593
Colorado,2020,3,30.187013809931287
Colorado,2020,4,20.20336997119628
Colorado,2020,5,12.458778284773176
Colorado,2020,6,17.46824689664286
Colorado,2020,7,16.39087267630006
Colorado,2020,8,12.60251389830152
Colorado,2020,9,9.78417011600534
Colorado,2020,10,9.655076272655158
Colorado,2020,11,12.600302583878992
Colorado,2020,12,16.177123257852593
Colorado,2021,1,21.147630272246605
Colorado,2021,2,19.53445788147106
Colorado,2021,3,20.31052860934331
Colorado,2021,4,12.364371598672609
Colorado,2021,5,12.952235120881982
Colorado,2021,6,14.166087363443848
Colorado,2021,7,22.049604453287667
Colorado,2021,8,22.7380791789618
Colorado,2021,9,16.936454116766644
Colorado,2021,10,13.603630397995138
Colorado,2021,11,14.840347444192416
Colorado,2021,12,18.901583701174115
Colorado,2022,1,20.61220306708
Colorado,2022,2,19.54086191784979
Colorado,2022,3,19.69406504696708
Colorado,2022,4,12.077590639365582
Colorado,2022,5,14.285473025363771
Colorado,2022,6,16.110006939612653
Colorado,2022,7,22.16739663204614
Colorado,2022,8,26.451857579185972
Colorado,2022,9,20.65659904509804
Colorado,2022,10,12.43320997883916
Colorado,2022,11,20.538151710203632
Colorado,2022,12,20.75799261900745
Colorado,2023,1,23.404390849205967
Colorado,2023,2,27.369895797462505
Colorado,2023,3,29.42163953774773
Colorado,2023,4,16.428615454033544
Colorado,2023,5,22.10111605796619
Colorado,2023,6,21.719927983297712
Colorado,2023,7,18.076122462967213
Colorado,2023,8,20.527120235572884
Colorado,2023,9,15.237611008996211
Colorado,2023,10,9.472786730652128
Colorado,2023,11,17.60475012805459
Colorado,2023,12,17.854093950197953
Colorado,2024,1,24.01390024571689
Colorado,2024,2,25.227650967780814
Colorado,2024,3,28.29087075902679
Colorado,2024,4,21.291716020857503
Colorado,2024,5,13.502235354899229
Colorado,2024,6,17.326098385459975
Colorado,2024,7,16.836457823271566
Colorado,2024,8,18.41095047349797
Colorado,2024,9,11.16134992532526
Colorado,2024,10,12.52459301185823
Colorado,2024,11,11.829093103894612
Colorado,2024,12,15.257842861336462
Congo,2002,1,90.01626590451608
Congo,2002,2,90.22358365314984
Congo,2002,3,105.73839922789284
Congo,2002,4,81.89445625208936
Congo,2002,5,99.08519107784404
Congo,2002,6,83.3287626668571
Congo,2002,7,74.94043758856044
Congo,2002,8,81.1967275314926
Congo,2002,9,91.64936797764028
Congo,2002,10,70.75113499013169
Congo,2002,11,104.87448317583458
Congo,2002,12,91.59647473939522
Congo,2003,1,96.10835121670269
Congo,2003,2,97.76319816939666
Congo,2003,3,102.79977625643632
Congo,2003,4,84.65257848547233
Congo,2003,5,103.52576791155091
Congo,2003,6,87.61904555529247
Congo,2003,7,80.25703425454691
Congo,2003,8,77.79115191455641
Congo,2003,9,87.632992927687
Congo,2003,10,73.85006291194465
Congo,2003,11,101.19565778125371
Congo,2003,12,91.25313595479926
Congo,2004,1,92.59651800464302
Congo,2004,2,92.83263891027526
Congo,2004,3,97.13483733443935
Congo,2004,4,112.59450292628448
Congo,2004,5,73.94405528245497
Congo,2004,6,84.325039055552
Congo,2004,7,74.03440773583449
Congo,2004,8,78.97651895126775
Congo,2004,9,90.15260800809943
Congo,2004,10,100.52500441259222
Congo,2004,11,80.01432286475236
Congo,2004,12,91.3366530501548
Congo,2005,1,92.72341546571548
Congo,2005,2,96.73249750864407
Congo,2005,3,106.0254867224116
Congo,2005,4,81.79880230398227
Congo,2005,5,103.49437573321146
Congo,2005,6,83.71876558862117
Congo,2005,7,76.89360219594045
Congo,2005,8,83.33014564358218
Congo,2005,9,88.28953656879395
Congo,2005,10,73.79143134579422
Congo,2005,11,100.79154856705352
Congo,2005,12,87.74089541565964
Congo,2006,1,97.6359602333042
Congo,2006,2,96.63336453686514
Congo,2006,3,104.66865898380806
Congo,2006,4,82.84080736211196
Congo,2006,5,103.574055031441
Congo,2006,6,90.547340093397
Congo,2006,7,76.05738448266592
Congo,2006,8,80.39723442231067
Congo,2006,9,92.9308856678562
Congo,2006,10,73.36269593623027
Congo,2006,11,104.56906971443364
Congo,2006,12,90.55416336965502
Congo,2007,1,91.97355412507402
Congo,2007,2,90.55302956882322
Congo,2007,3,105.17901008775144
Congo,2007,4,80.74479835662619
Congo,2007,5,103.8778484338834
Congo,2007,6,89.67882294779712
Congo,2007,7,79.48810123341828
Congo,2007,8,83.95950880360454
Congo,2007,9,94.03479647307712
Congo,2007,10,76.43405490313647
Congo,2007,11,105.05936173130264
Congo,2007,12,91.50976543622755
Congo,2008,1,89.6666240065158
Congo,2008,2,88.89619729131684
Congo,2008,3,103.64835284044337
Congo,2008,4,113.12584244644562
Congo,2008,5,73.93511021428615
Congo,2008,6,87.58161759281133
Congo,2008,7,75.87793652908809
Congo,2008,8,79.48899825681202
Congo,2008,9,86.81764423080972
Congo,2008,10,97.54733430185074
Congo,2008,11,77.23862856852638
Congo,2008,12,93.91990873350387
Congo,2009,1,97.1869042907456
Congo,2009,2,101.41128813840044
Congo,2009,3,103.27514149722792
Congo,2009,4,85.94641835135194
Congo,2009,5,106.14250260249332
Congo,2009,6,90.70578384531828
Congo,2009,7,83.07849995496332
Congo,2009,8,79.16081213528179
Congo,2009,9,91.88813114352769
Congo,2009,10,74.34614131137343
Congo,2009,11,107.2944014970881
Congo,2009,12,89.8129461415446
Congo,2010,1,100.17751562600576
Congo,2010,2,103.33958214295336
Congo,2010,3,111.24980373911922
Congo,2010,4,86.21401353775607
Congo,2010,5,112.063936251955
Congo,2010,6,92.95494681319536
Congo,2010,7,82.71922487218588
Congo,2010,8,81.29055751951071
Congo,2010,9,93.52214064476756
Congo,2010,10,72.60285207349729
Congo,2010,11,104.69341051795516
Congo,2010,12,97.07698874279517
Congo,2011,1,96.995518709787
Congo,2011,2,98.45905838543348
Congo,2011,3,103.0389460598031
Congo,2011,4,81.17066797634688
Congo,2011,5,108.23264935255222
Congo,2011,6,89.71542752710072
Congo,2011,7,81.75649379162165
Congo,2011,8,79.985235151631
Congo,2011,9,92.27665152746026
Congo,2011,10,77.04953383474205
Congo,2011,11,108.70117757102236
Congo,2011,12,92.3252682640108
Congo,2012,1,90.48054770057055
Congo,2012,2,92.27322294680236
Congo,2012,3,98.0226977976654
Congo,2012,4,107.37113854190096
Congo,2012,5,74.51228164550292
Congo,2012,6,87.4838986541804
Congo,2012,7,82.01351768050088
Congo,2012,8,85.38633457333006
Congo,2012,9,93.95980065852532
Congo,2012,10,102.48398761930628
Congo,2012,11,83.46870980288334
Congo,2012,12,99.30266925048949
Congo,2013,1,99.89174109910547
Congo,2013,2,102.13357591272214
Congo,2013,3,111.39648489806233
Congo,2013,4,83.77659939181883
Congo,2013,5,110.5936499323449
Congo,2013,6,88.35783210193303
Congo,2013,7,78.12962960462616
Congo,2013,8,79.94386960535016
Congo,2013,9,94.75441194827584
Congo,2013,10,76.53769949461059
Congo,2013,11,104.57362782296474
Congo,2013,12,95.92643989449424
Congo,2014,1,96.74651637820592
Congo,2014,2,101.67943162684172
Congo,2014,3,109.33200655254096
Congo,2014,4,86.26368504419719
Congo,2014,5,110.38675785104026
Congo,2014,6,95.62001152646332
Congo,2014,7,83.76180621724659
Congo,2014,8,87.37298302391449
Congo,2014,9,95.51003953659672
Congo,2014,10,76.02968359286115
Congo,2014,11,107.71143412844528
Congo,2014,12,96.0165606251571
Congo,2015,1,99.59723386774512
Congo,2015,2,97.14213023120809
Congo,2015,3,105.64833493856054
Congo,2015,4,84.02135693011152
Congo,2015,5,110.2160919230336
Congo,2015,6,94.12982388474182
Congo,2015,7,88.57836397218892
Congo,2015,8,87.24678501331529
Congo,2015,9,95.51392500045516
Congo,2015,10,76.21208031789932
Congo,2015,11,109.64734933577896
Congo,2015,12,98.9326227270274
Congo,2016,1,99.88650001157131
Congo,2016,2,97.00824494888772
Congo,2016,3,110.3577658900264
Congo,2016,4,115.43899901432444
Congo,2016,5,84.1358800918962
Congo,2016,6,94.1552058939268
Congo,2016,7,80.84512407564254
Congo,2016,8,85.6650818068141
Congo,2016,9,95.24399694793748
Congo,2016,10,103.22657917951086
Congo,2016,11,79.96193490282356
Congo,2016,12,98.58676365500156
Congo,2017,1,100.65935259219496
Congo,2017,2,101.81046856875204
Congo,2017,3,109.40653342512014
Congo,2017,4,84.85552194744811
Congo,2017,5,113.5101971498992
Congo,2017,6,93.4216442595517
Congo,2017,7,85.75774044158284
Congo,2017,8,83.24207635127757
Congo,2017,9,95.43707375172934
Congo,2017,10,78.35521695668949
Congo,2017,11,110.43753898680878
Congo,2017,12,93.4053318332825
Congo,2018,1,102.8104220534034
Congo,2018,2,100.87644382599431
Congo,2018,3,113.94503741797442
Congo,2018,4,87.78131370325976
Congo,2018,5,114.09000377373516
Congo,2018,6,98.26096608778872
Congo,2018,7,88.27297479023392
Congo,2018,8,87.61140822600584
Congo,2018,9,96.78810785436946
Congo,2018,10,79.85749557302601
Congo,2018,11,108.3125966933726
Congo,2018,12,95.97858643476054
Congo,2019,1,102.6708898810106
Congo,2019,2,103.81590451638505
Congo,2019,3,109.89857864879411
Congo,2019,4,85.57010660056643
Congo,2019,5,109.63231942390044
Congo,2019,6,94.0196097599261
Congo,2019,7,82.14215638251905
Congo,2019,8,87.68546160847704
Congo,2019,9,96.17413229584976
Congo,2019,10,77.85341186240119
Congo,2019,11,109.98403933919668
Congo,2019,12,101.54841183141666
Congo,2020,1,105.48946630006262
Congo,2020,2,104.5704455275508
Congo,2020,3,107.41116074330222
Congo,2020,4,117.12081424513067
Congo,2020,5,84.64992840486777
Congo,2020,6,96.36548358292248
Congo,2020,7,81.82820128275628
Congo,2020,8,84.98495383367333
Congo,2020,9,94.45573292878466
Congo,2020,10,104.20685924237684
Congo,2020,11,83.49712312774926
Congo,2020,12,100.51128091185464
Congo,2021,1,104.87767028316291
Congo,2021,2,98.27195213090155
Congo,2021,3,108.27080956356326
Congo,2021,4,85.01861647686917
Congo,2021,5,110.9801512607876
Congo,2021,6,97.88760727832272
Congo,2021,7,81.88508989720363
Congo,2021,8,86.61862815012823
Congo,2021,9,97.98754663603148
Congo,2021,10,80.06817088619138
Congo,2021,11,109.11833368471022
Congo,2021,12,96.53126175409264
Congo,2022,1,101.14859934526372
Congo,2022,2,97.14988258896624
Congo,2022,3,103.97487385542568
Congo,2022,4,84.29130742950603
Congo,2022,5,107.28277919270704
Congo,2022,6,94.37809807068656
Congo,2022,7,85.14712237428562
Congo,2022,8,82.3900917050132
Congo,2022,9,93.75721882165
Congo,2022,10,73.82224205278659
Congo,2022,11,105.62007022103788
Congo,2022,12,95.8688133350378
Congo,2023,1,102.46865911478844
Congo,2023,2,101.41211925281532
Congo,2023,3,105.08056788948288
Congo,2023,4,84.06461723802714
Congo,2023,5,113.47668169159503
Congo,2023,6,94.7238368079332
Congo,2023,7,89.65612649024011
Congo,2023,8,85.3179205788545
Congo,2023,9,99.31880277287809
Congo,2023,10,79.29430108612094
Congo,2023,11,112.6468110203399
Congo,2023,12,100.23730619628688
Congo,2024,1,102.05894013381828
Congo,2024,2,97.3321028013832
Congo,2024,3,108.45715933202024
Congo,2024,4,116.53848855076644
Congo,2024,5,78.8553201666821
Congo,2024,6,91.04051794507016
Congo,2024,7,76.29752762967495
Congo,2024,8,76.86636419909846
Congo,2024,9,91.4839183928416
Congo,2024,10,103.33362110607884
Congo,2024,11,82.08514687980586
Congo,2024,12,100.9722880216033
Danube,2002,1,17.0169415025839
Danube,2002,2,24.86112395857792
Danube,2002,3,30.676064560847653
Danube,2002,4,34.8469789686933
Danube,2002,5,82.85762005061679
Danube,2002,6,101.09913386649283
Danube,2002,7,92.63915382324308
Danube,2002,8,83.97889683741832
Danube,2002,9,45.655439109413706
Danube,2002,10,19.890984617519823
Danube,2002,11,18.90777743265396
Danube,2002,12,11.715290497564377
Danube,2003,1,14.188180030684384
Danube,2003,2,21.22949856915108
Danube,2003,3,34.29668919029929
Danube,2003,4,33.28777438197326
Danube,2003,5,84.27277849224271
Danube,2003,6,106.42974444520884
Danube,2003,7,90.96278013096732
Danube,2003,8,68.7802544128406
Danube,2003,9,42.93705187452249
Danube,2003,10,17.80984351268516
Danube,2003,11,18.77905415307844
Danube,2003,12,14.55177849751433
Danube,2004,1,14.556805473799653
Danube,2004,2,23.76077423640004
Danube,2004,3,36.40826125855583
Danube,2004,4,53.577205763159
Danube,2004,5,57.21329253091245
Danube,2004,6,102.1271665343027
Danube,2004,7,98.92964874062098
Danube,2004,8,87.47798953489806
Danube,2004,9,50.43111377846823
Danube,2004,10,26.942659720851037
Danube,2004,11,13.02314090358372
Danube,2004,12,14.49333712223044
Danube,2005,1,17.783831175641335
Danube,2005,2,19.28528072226678
Danube,2005,3,35.19159731049345
Danube,2005,4,35.554108865040256
Danube,2005,5,83.17131846170577
Danube,2005,6,103.75945642526467
Danube,2005,7,105.30990785876594
Danube,2005,8,85.34161854674896
Danube,2005,9,54.66843057306148
Danube,2005,10,21.0663289116653
Danube,2005,11,18.05384005218298
Danube,2005,12,13.270579079545977
Danube,2006,1,16.06792088598342
Danube,2006,2,22.941123693341176
Danube,2006,3,37.97142368732879
Danube,2006,4,38.30718783033947
Danube,2006,5,79.13788539171324
Danube,2006,6,102.62738920987611
Danube,2006,7,106.97164077823292
Danube,2006,8,79.35989421896815
Danube,2006,9,55.78400499487629
Danube,2006,10,21.52525916821777
Danube,2006,11,19.35261190924408
Danube,2006,12,15.294376746711173
Danube,2007,1,19.350184635865805
Danube,2007,2,24.980256519503257
Danube,2007,3,32.46019376410437
Danube,2007,4,37.850121236145995
Danube,2007,5,81.70519861970206
Danube,2007,6,101.45452508190392
Danube,2007,7,82.39345219419347
Danube,2007,8,69.56462922332194
Danube,2007,9,48.592468567834835
Danube,2007,10,18.403319753917245
Danube,2007,11,18.128191030247695
Danube,2007,12,12.78414738500689
Danube,2008,1,16.73431467673902
Danube,2008,2,25.663774628411577
Danube,2008,3,34.2381927712789
Danube,2008,4,56.69486821652676
Danube,2008,5,71.25731086597484
Danube,2008,6,107.0352951329642
Danube,2008,7,98.46622557481338
Danube,2008,8,81.68996020264386
Danube,2008,9,40.66192090320086
Danube,2008,10,27.545631708686223
Danube,2008,11,13.95576859278953
Danube,2008,12,14.38329649499213
Danube,2009,1,16.14661043253957
Danube,2009,2,23.14784308909795
Danube,2009,3,35.155551686475725
Danube,2009,4,37.83502822433885
Danube,2009,5,85.00392174890953
Danube,2009,6,96.66235850483584
Danube,2009,7,105.45609614884027
Danube,2009,8,78.98827596500476
Danube,2009,9,47.68801989068852
Danube,2009,10,19.164658884176525
Danube,2009,11,19.980991327950953
Danube,2009,12,13.294523448856618
Danube,2010,1,14.800024459146975
Danube,2010,2,23.183043432495655
Danube,2010,3,36.212169869446605
Danube,2010,4,38.683455319715925
Danube,2010,5,80.35199567061028
Danube,2010,6,108.38527977857365
Danube,2010,7,111.34394022077122
Danube,2010,8,87.9428204050356
Danube,2010,9,49.018180570193614
Danube,2010,10,18.093591276468548
Danube,2010,11,20.288716554054403
Danube,2010,12,13.024294773538516
Danube,2011,1,14.781036946497077
Danube,2011,2,23.12531534808774
Danube,2011,3,35.440788984133256
Danube,2011,4,35.307632158463434
Danube,2011,5,85.18926335896012
Danube,2011,6,104.4025741414805
Danube,2011,7,101.74772216776316
Danube,2011,8,89.0557265496064
Danube,2011,9,51.12940278848241
Danube,2011,10,17.629925682391374
Danube,2011,11,19.44687305636772
Danube,2011,12,15.621270696821718
Danube,2012,1,17.49528429841113
Danube,2012,2,20.35454815084513
Danube,2012,3,31.617372822495085
Danube,2012,4,54.76530689912074
Danube,2012,5,61.85488346723517
Danube,2012,6,115.97881079343124
Danube,2012,7,92.95338923596324
Danube,2012,8,66.85106192467886
Danube,2012,9,44.07009528434308
Danube,2012,10,25.233608058714218
Danube,2012,11,14.43757431280325
Danube,2012,12,13.33294557796395
Danube,2013,1,16.17090212980982
Danube,2013,2,22.832876096388933
Danube,2013,3,35.215835076598765
Danube,2013,4,42.44272728793764
Danube,2013,5,83.62181734284935
Danube,2013,6,105.9222832235944
Danube,2013,7,107.2444699876324
Danube,2013,8,70.9438129697259
Danube,2013,9,43.757778549983016
Danube,2013,10,22.456557865599247
Danube,2013,11,19.29801429130768
Danube,2013,12,14.957261592660712
Danube,2014,1,16.657610230762575
Danube,2014,2,24.443725357662913
Danube,2014,3,33.46299491656925
Danube,2014,4,40.54581734821441
Danube,2014,5,82.10849628897857
Danube,2014,6,100.77311384613368
Danube,2014,7,100.9352531080998
Danube,2014,8,83.99023406921658
Danube,2014,9,51.87765913324683
Danube,2014,10,22.703495850895873
Danube,2014,11,18.65633425959797
Danube,2014,12,13.87574897305634
Danube,2015,1,16.113312616304263
Danube,2015,2,24.350325278403805
Danube,2015,3,34.18955460758625
Danube,2015,4,35.61632195393015
Danube,2015,5,86.36507705199713
Danube,2015,6,106.15182216410837
Danube,2015,7,101.30752180995496
Danube,2015,8,72.55374384645343
Danube,2015,9,48.78096947719384
Danube,2015,10,20.202229854952886
Danube,2015,11,20.422284506259327
Danube,2015,12,14.559032382923371
Danube,2016,1,16.09083863974106
Danube,2016,2,24.038991179819412
Danube,2016,3,35.86597684378068
Danube,2016,4,57.49169738855779
Danube,2016,5,67.10767836936363
Danube,2016,6,107.72618405068071
Danube,2016,7,105.56940845797963
Danube,2016,8,87.12860076483486
Danube,2016,9,51.08395070341902
Danube,2016,10,24.69851129153371
Danube,2016,11,13.64878415660477
Danube,2016,12,15.537722650242412
Danube,2017,1,14.953342807360954
Danube,2017,2,25.877627181654073
Danube,2017,3,35.61912349363196
Danube,2017,4,33.98420846910217
Danube,2017,5,86.83546405030376
Danube,2017,6,112.62326041193832
Danube,2017,7,101.82200936937409
Danube,2017,8,74.8621536917945
Danube,2017,9,44.7565877422448
Danube,2017,10,20.432880572353785
Danube,2017,11,18.295435289933287
Danube,2017,12,14.583852703928573
Danube,2018,1,17.441519356897395
Danube,2018,2,20.812387122717265
Danube,2018,3,37.243659548299824
Danube,2018,4,51.29956456172871
Danube,2018,5,97.47654455048816
Danube,2018,6,98.46352908096614
Danube,2018,7,106.46813247526217
Danube,2018,8,86.5046599885974
Danube,2018,9,49.975997967220614
Danube,2018,10,19.97522796230445
Danube,2018,11,19.333771017683652
Danube,2018,12,13.671484124868003
Danube,2019,1,15.608879672811838
Danube,2019,2,26.369165687080443
Danube,2019,3,32.59322638324394
Danube,2019,4,36.71934148710502
Danube,2019,5,75.54121153985793
Danube,2019,6,122.46049174284592
Danube,2019,7,101.59039644239856
Danube,2019,8,84.53936437712174
Danube,2019,9,46.10208281155515
Danube,2019,10,20.80466920374672
Danube,2019,11,19.21847285173971
Danube,2019,12,15.169043071229254
Danube,2020,1,18.238069405888066
Danube,2020,2,24.45472511106771
Danube,2020,3,30.47952313996047
Danube,2020,4,48.674168374830046
Danube,2020,5,55.440510271763706
Danube,2020,6,101.41122645291682
Danube,2020,7,107.16267789418583
Danube,2020,8,88.46708359480705
Danube,2020,9,55.27044317865288
Danube,2020,10,26.393104768625907
Danube,2020,11,13.921751100272845
Danube,2020,12,12.762806297724543
Danube,2021,1,16.231877874089385
Danube,2021,2,24.639511338498146
Danube,2021,3,33.1277847214623
Danube,2021,4,33.416501250044455
Danube,2021,5,77.68922634850252
Danube,2021,6,113.10716012176464
Danube,2021,7,104.28620006264802
Danube,2021,8,80.54285895218335
Danube,2021,9,50.797574596436014
Danube,2021,10,18.67376911218846
Danube,2021,11,19.5030687184526
Danube,2021,12,13.030103645773227
Danube,2022,1,18.09785060885517
Danube,2022,2,24.447341221448237
Danube,2022,3,28.532231445179654
Danube,2022,4,33.55653689720221
Danube,2022,5,88.30451364032083
Danube,2022,6,110.40313673905672
Danube,2022,7,87.44035617071033
Danube,2022,8,66.21850644401495
Danube,2022,9,46.90179712845133
Danube,2022,10,22.846854871519476
Danube,2022,11,18.62484733523202
Danube,2022,12,13.912213216178476
Danube,2023,1,16.813230076761144
Danube,2023,2,24.458719292556896
Danube,2023,3,33.97130181524973
Danube,2023,4,37.81207967735491
Danube,2023,5,83.09106926829458
Danube,2023,6,101.2302583647432
Danube,2023,7,102.61258998546391
Danube,2023,8,82.33557559201205
Danube,2023,9,55.15213600666917
Danube,2023,10,21.31057843736133
Danube,2023,11,18.842131465122566
Danube,2023,12,15.410626406591955
Danube,2024,1,19.045936393484027
Danube,2024,2,26.77091933478333
Danube,2024,3,36.91060995959083
Danube,2024,4,63.57693235242543
Danube,2024,5,64.60020977929463
Danube,2024,6,101.83976594212896
Danube,2024,7,93.93740548097496
Danube,2024,8,66.21465883690726
Danube,2024,9,42.305741616956105
Danube,2024,10,28.17291031977923
Danube,2024,11,13.219850766492856
Danube,2024,12,14.851175278548812
Ganges / Brahmaputra Basin,2002,1,29.5763425718055
Ganges / Brahmaputra Basin,2002,2,36.23373262601655
Ganges / Brahmaputra Basin,2002,3,30.209355863115412
Ganges / Brahmaputra Basin,2002,4,21.998644039839952
Ganges / Brahmaputra Basin,2002,5,35.82514667167409
Ganges / Brahmaputra Basin,2002,6,52.03442614528166
Ganges / Brahmaputra Basin,2002,7,61.25375990098306
Ganges / Brahmaputra Basin,2002,8,82.33234484863263
Ganges / Brahmaputra Basin,2002,9,73.58421472333022
Ganges / Brahmaputra Basin,2002,10,39.75873743051978
Ganges / Brahmaputra Basin,2002,11,35.32893506369858
Ganges / Brahmaputra Basin,2002,12,23.68064678401221
Ganges / Brahmaputra Basin,2003,1,26.98572413033092
Ganges / Brahmaputra Basin,2003,2,35.690544297362415
Ganges / Brahmaputra Basin,2003,3,33.209554221632324
Ganges / Brahmaputra Basin,2003,4,21.45703293160963
Ganges / Brahmaputra Basin,2003,5,34.023733171557566
Ganges / Brahmaputra Basin,2003,6,50.43665223297238
Ganges / Brahmaputra Basin,2003,7,89.16797954150705
Ganges / Brahmaputra Basin,2003,8,100.15763355463216
Ganges / Brahmaputra Basin,2003,9,85.7287713064023
Ganges / Brahmaputra Basin,2003,10,44.724491314460025
Ganges / Brahmaputra Basin,2003,11,39.58701469916531
Ganges / Brahmaputra Basin,2003,12,29.866374329301344
Ganges / Brahmaputra Basin,2004,1,30.00848010135274
Ganges / Brahmaputra Basin,2004,2,34.556578327140464
Ganges / Brahmaputra Basin,2004,3,25.46634927876856
Ganges / Brahmaputra Basin,2004,4,29.33230419370351
Ganges / Brahmaputra Basin,2004,5,25.959550792050862
Ganges / Brahmaputra Basin,2004,6,53.83573688724002
Ganges / Brahmaputra Basin,2004,7,80.94261294390762
Ganges / Brahmaputra Basin,2004,8,96.7626970113176
Ganges / Brahmaputra Basin,2004,9,77.1624562630016
Ganges / Brahmaputra Basin,2004,10,52.51552253712399
Ganges / Brahmaputra Basin,2004,11,26.258311987960024
Ganges / Brahmaputra Basin,2004,12,27.8926689947331
Ganges / Brahmaputra Basin,2005,1,32.261730398451384
Ganges / Brahmaputra Basin,2005,2,37.829752500140955
Ganges / Brahmaputra Basin,2005,3,34.65703587342536
Ganges / Brahmaputra Basin,2005,4,22.735421029500245
Ganges / Brahmaputra Basin,2005,5,34.69476825244502
Ganges / Brahmaputra Basin,2005,6,45.225314702071294
Ganges / Brahmaputra Basin,2005,7,89.81233822431128
Ganges / Brahmaputra Basin,2005,8,89.45552750179615
Ganges / Brahmaputra Basin,2005,9,85.66269274571687
Ganges / Brahmaputra Basin,2005,10,43.970312450594896
Ganges / Brahmaputra Basin,2005,11,36.210834402838906
Ganges / Brahmaputra Basin,2005,12,25.24681399483621
Ganges / Brahmaputra Basin,2006,1,27.67872490242181
Ganges / Brahmaputra Basin,2006,2,29.754581350458675
Ganges / Brahmaputra Basin,2006,3,30.538841609339784
Ganges / Brahmaputra Basin,2006,4,21.417475446022156
Ganges / Brahmaputra Basin,2006,5,38.68160962207321
Ganges / Brahmaputra Basin,2006,6,58.52485417199416
Ganges / Brahmaputra Basin,2006,7,88.44406140773611
Ganges / Brahmaputra Basin,2006,8,97.5269982244572
Ganges / Brahmaputra Basin,2006,9,81.60969660852292
Ganges / Brahmaputra Basin,2006,10,39.9369549760681
Ganges / Brahmaputra Basin,2006,11,35.50068578853622
Ganges / Brahmaputra Basin,2006,12,26.065639239249364
Ganges / Brahmaputra Basin,2007,1,27.461306096732997
Ganges / Brahmaputra Basin,2007,2,37.4922419392242
Ganges / Brahmaputra Basin,2007,3,33.04922102971759
Ganges / Brahmaputra Basin,2007,4,22.764303640726997
Ganges / Brahmaputra Basin,2007,5,36.453014908975796
Ganges / Brahmaputra Basin,2007,6,53.198522068143674
Ganges / Brahmaputra Basin,2007,7,82.93160438562022
Ganges / Brahmaputra Basin,2007,8,95.781742015279
Ganges / Brahmaputra Basin,2007,9,82.14556458550184
Ganges / Brahmaputra Basin,2007,10,41.46212236304413
Ganges / Brahmaputra Basin,2007,11,38.11601112014468
Ganges / Brahmaputra Basin,2007,12,25.070577252725595
Ganges / Brahmaputra Basin,2008,1,28.666626004302483
Ganges / Brahmaputra Basin,2008,2,33.8657524676973
Ganges / Brahmaputra Basin,2008,3,32.27996839268183
Ganges / Brahmaputra Basin,2008,4,29.80591500436417
Ganges / Brahmaputra Basin,2008,5,28.814468877159257
Ganges / Brahmaputra Basin,2008,6,64.09584183927947
Ganges / Brahmaputra Basin,2008,7,93.66340480478418
Ganges / Brahmaputra Basin,2008,8,101.70766883462008
Ganges / Brahmaputra Basin,2008,9,90.25543469661442
Ganges / Brahmaputra Basin,2008,10,54.8506755619356
Ganges / Brahmaputra Basin,2008,11,27.77635199595191
Ganges / Brahmaputra Basin,2008,12,29.627970033745115
Ganges / Brahmaputra Basin,2009,1,31.787803558614744
Ganges / Brahmaputra Basin,2009,2,31.922307944895188
Ganges / Brahmaputra Basin,2009,3,26.735483461039188
Ganges / Brahmaputra Basin,2009,4,19.676367658648463
Ganges / Brahmaputra Basin,2009,5,37.043970640858355
Ganges / Brahmaputra Basin,2009,6,44.82034117875675
Ganges / Brahmaputra Basin,2009,7,74.0394160907526
Ganges / Brahmaputra Basin,2009,8,88.65595537900946
Ganges / Brahmaputra Basin,2009,9,83.53636008335988
Ganges / Brahmaputra Basin,2009,10,38.98100467168332
Ganges / Brahmaputra Basin,2009,11,36.84867510589187
Ganges / Brahmaputra Basin,2009,12,26.612888414756267
Ganges / Brahmaputra Basin,2010,1,30.46843922051148
Ganges / Brahmaputra Basin,2010,2,34.26415673118019
Ganges / Brahmaputra Basin,2010,3,24.630673848618297
Ganges / Brahmaputra Basin,2010,4,18.70451914936456
Ganges / Brahmaputra Basin,2010,5,33.92958927910808
Ganges / Brahmaputra Basin,2010,6,44.91408454507921
Ganges / Brahmaputra Basin,2010,7,77.38986926929074
Ganges / Brahmaputra Basin,2010,8,96.28579910664808
Ganges / Brahmaputra Basin,2010,9,90.98309865700143
Ganges / Brahmaputra Basin,2010,10,48.743824709376106
Ganges / Brahmaputra Basin,2010,11,46.298804068626026
Ganges / Brahmaputra Basin,2010,12,28.574290664636052
Ganges / Brahmaputra Basin,2011,1,31.914080265418196
Ganges / Brahmaputra Basin,2011,2,39.435704772115514
Ganges / Brahmaputra Basin,2011,3,34.76758750401041
Ganges / Brahmaputra Basin,2011,4,24.15723523437481
Ganges / Brahmaputra Basin,2011,5,38.67381698333943
Ganges / Brahmaputra Basin,2011,6,59.88833613236516
Ganges / Brahmaputra Basin,2011,7,92.40291729385343
Ganges / Brahmaputra Basin,2011,8,102.61288833755896
Ganges / Brahmaputra Basin,2011,9,95.86249609205288
Ganges / Brahmaputra Basin,2011,10,43.6378647365187
Ganges / Brahmaputra Basin,2011,11,39.25329630722783
Ganges / Brahmaputra Basin,2011,12,26.2318596039257
Ganges / Brahmaputra Basin,2012,1,31.72899424412686
Ganges / Brahmaputra Basin,2012,2,34.56579202008347
Ganges / Brahmaputra Basin,2012,3,27.09215373221025
Ganges / Brahmaputra Basin,2012,4,31.232915923052417
Ganges / Brahmaputra Basin,2012,5,23.76766217562888
Ganges / Brahmaputra Basin,2012,6,41.17148704792123
Ganges / Brahmaputra Basin,2012,7,77.8070282707753
Ganges / Brahmaputra Basin,2012,8,89.581620212972
Ganges / Brahmaputra Basin,2012,9,84.11242673343841
Ganges / Brahmaputra Basin,2012,10,50.481060670016085
Ganges / Brahmaputra Basin,2012,11,24.231800088520657
Ganges / Brahmaputra Basin,2012,12,24.324972725983983
Ganges / Brahmaputra Basin,2013,1,28.434251766914237
Ganges / Brahmaputra Basin,2013,2,39.96992610362164
Ganges / Brahmaputra Basin,2013,3,34.25717454903503
Ganges / Brahmaputra Basin,2013,4,24.128869133726592
Ganges / Brahmaputra Basin,2013,5,36.61698972033448
Ganges / Brahmaputra Basin,2013,6,63.27951394873454
Ganges / Brahmaputra Basin,2013,7,86.72346016579986
Ganges / Brahmaputra Basin,2013,8,89.6076203602666
Ganges / Brahmaputra Basin,2013,9,80.26530150450579
Ganges / Brahmaputra Basin,2013,10,47.88419122733374
Ganges / Brahmaputra Basin,2013,11,40.09596336108372
Ganges / Brahmaputra Basin,2013,12,28.49050970359649
Ganges / Brahmaputra Basin,2014,1,35.56520148579223
Ganges / Brahmaputra Basin,2014,2,42.93881976766294
Ganges / Brahmaputra Basin,2014,3,39.628130804913184
Ganges / Brahmaputra Basin,2014,4,21.98773823289073
Ganges / Brahmaputra Basin,2014,5,36.03392765094733
Ganges / Brahmaputra Basin,2014,6,44.9029526693282
Ganges / Brahmaputra Basin,2014,7,75.27120381096773
Ganges / Brahmaputra Basin,2014,8,85.79294343780981
Ganges / Brahmaputra Basin,2014,9,81.34490784873658
Ganges / Brahmaputra Basin,2014,10,42.214262606527384
Ganges / Brahmaputra Basin,2014,11,35.15623521689502
Ganges / Brahmaputra Basin,2014,12,25.037082313593466
Ganges / Brahmaputra Basin,2015,1,34.37185730528756
Ganges / Brahmaputra Basin,2015,2,41.64910611126292
Ganges / Brahmaputra Basin,2015,3,37.61363149206563
Ganges / Brahmaputra Basin,2015,4,27.11951761850175
Ganges / Brahmaputra Basin,2015,5,36.448137532096865
Ganges / Brahmaputra Basin,2015,6,48.78763611333718
Ganges / Brahmaputra Basin,2015,7,70.6127572991127
Ganges / Brahmaputra Basin,2015,8,82.10933825514483
Ganges / Brahmaputra Basin,2015,9,67.34189537751489
Ganges / Brahmaputra Basin,2015,10,36.700319204912695
Ganges / Brahmaputra Basin,2015,11,34.38602892847043
Ganges / Brahmaputra Basin,2015,12,24.128291321532213
Ganges / Brahmaputra Basin,2016,1,31.176476746047193
Ganges / Brahmaputra Basin,2016,2,36.015659797139506
Ganges / Brahmaputra Basin,2016,3,31.78215760084284
Ganges / Brahmaputra Basin,2016,4,29.46469704693561
Ganges / Brahmaputra Basin,2016,5,27.85249855172364
Ganges / Brahmaputra Basin,2016,6,49.73335707100677
Ganges / Brahmaputra Basin,2016,7,83.44640623962408
Ganges / Brahmaputra Basin,2016,8,100.29257791200212
Ganges / Brahmaputra Basin,2016,9,88.62696476610002
Ganges / Brahmaputra Basin,2016,10,55.68550418963409
Ganges / Brahmaputra Basin,2016,11,25.472145385487323
Ganges / Brahmaputra Basin,2016,12,27.81757677701859
Ganges / Brahmaputra Basin,2017,1,35.57777246314287
Ganges / Brahmaputra Basin,2017,2,40.00104186334308
Ganges / Brahmaputra Basin,2017,3,36.03987258906166
Ganges / Brahmaputra Basin,2017,4,24.03780219624397
Ganges / Brahmaputra Basin,2017,5,41.42728142151856
Ganges / Brahmaputra Basin,2017,6,54.453070526037706
Ganges / Brahmaputra Basin,2017,7,94.0318513826282
Ganges / Brahmaputra Basin,2017,8,103.1586566583268
Ganges / Brahmaputra Basin,2017,9,86.74304760143944
Ganges / Brahmaputra Basin,2017,10,44.40350802167082
Ganges / Brahmaputra Basin,2017,11,39.02226545863916
Ganges / Brahmaputra Basin,2017,12,28.78574990700534
Ganges / Brahmaputra Basin,2018,1,32.14335262212907
Ganges / Brahmaputra Basin,2018,2,37.766149818866175
Ganges / Brahmaputra Basin,2018,3,34.57348640000279
Ganges / Brahmaputra Basin,2018,4,28.16071595501511
Ganges / Brahmaputra Basin,2018,5,42.58433233725771
Ganges / Brahmaputra Basin,2018,6,56.55623887248733
Ganges / Brahmaputra Basin,2018,7,84.50513417810456
Ganges / Brahmaputra Basin,2018,8,101.63365437585118
Ganges / Brahmaputra Basin,2018,9,92.15470824301944
Ganges / Brahmaputra Basin,2018,10,40.36151981398012
Ganges / Brahmaputra Basin,2018,11,35.71264737125413
Ganges / Brahmaputra Basin,2018,12,25.72343607114916
Ganges / Brahmaputra Basin,2019,1,32.96157296660349
Ganges / Brahmaputra Basin,2019,2,41.365499378820395
Ganges / Brahmaputra Basin,2019,3,40.23973090196745
Ganges / Brahmaputra Basin,2019,4,29.05005225953455
Ganges / Brahmaputra Basin,2019,5,41.09740529055998
Ganges / Brahmaputra Basin,2019,6,49.955131501072266
Ganges / Brahmaputra Basin,2019,7,85.03204944258947
Ganges / Brahmaputra Basin,2019,8,101.22662644953294
Ganges / Brahmaputra Basin,2019,9,91.5047889042018
Ganges / Brahmaputra Basin,2019,10,52.69840112089363
Ganges / Brahmaputra Basin,2019,11,49.813452111374126
Ganges / Brahmaputra Basin,2019,12,33.623666111931826
Ganges / Brahmaputra Basin,2020,1,40.94374918969545
Ganges / Brahmaputra Basin,2020,2,48.35919875014274
Ganges / Brahmaputra Basin,2020,3,48.56259556266747
Ganges / Brahmaputra Basin,2020,4,41.91985046970965
Ganges / Brahmaputra Basin,2020,5,32.39919580965923
Ganges / Brahmaputra Basin,2020,6,67.66716658420455
Ganges / Brahmaputra Basin,2020,7,93.03671242896888
Ganges / Brahmaputra Basin,2020,8,108.46425401190356
Ganges / Brahmaputra Basin,2020,9,87.91180893881413
Ganges / Brahmaputra Basin,2020,10,58.241236698286095
Ganges / Brahmaputra Basin,2020,11,30.010071693307548
Ganges / Brahmaputra Basin,2020,12,30.70053692837209
Ganges / Brahmaputra Basin,2021,1,35.84099517734096
Ganges / Brahmaputra Basin,2021,2,39.70303119794677
Ganges / Brahmaputra Basin,2021,3,30.986753458158905
Ganges / Brahmaputra Basin,2021,4,21.24691379871564
Ganges / Brahmaputra Basin,2021,5,47.28051382562492
Ganges / Brahmaputra Basin,2021,6,72.37364694222502
Ganges / Brahmaputra Basin,2021,7,95.50545734857664
Ganges / Brahmaputra Basin,2021,8,104.99569413399988
Ganges / Brahmaputra Basin,2021,9,100.03551490019149
Ganges / Brahmaputra Basin,2021,10,53.55070340822691
Ganges / Brahmaputra Basin,2021,11,46.43079270703211
Ganges / Brahmaputra Basin,2021,12,34.88409415450345
Ganges / Brahmaputra Basin,2022,1,41.170791707793846
Ganges / Brahmaputra Basin,2022,2,48.39719438994106
Ganges / Brahmaputra Basin,2022,3,37.94736628887038
Ganges / Brahmaputra Basin,2022,4,24.33966517767364
Ganges / Brahmaputra Basin,2022,5,43.40579132902185
Ganges / Brahmaputra Basin,2022,6,55.28546438898947
Ganges / Brahmaputra Basin,2022,7,81.80932309395529
Ganges / Brahmaputra Basin,2022,8,95.47999291706856
Ganges / Brahmaputra Basin,2022,9,90.8180167866776
Ganges / Brahmaputra Basin,2022,10,49.70302321461864
Ganges / Brahmaputra Basin,2022,11,41.06397373207122
Ganges / Brahmaputra Basin,2022,12,29.627095542375468
Ganges / Brahmaputra Basin,2023,1,35.46166016109068
Ganges / Brahmaputra Basin,2023,2,41.49420462056224
Ganges / Brahmaputra Basin,2023,3,40.20643495377555
Ganges / Brahmaputra Basin,2023,4,24.478999739868716
Ganges / Brahmaputra Basin,2023,5,39.42095454027451
Ganges / Brahmaputra Basin,2023,6,56.03338532943801
Ganges / Brahmaputra Basin,2023,7,92.7976323007166
Ganges / Brahmaputra Basin,2023,8,101.77711947091808
Ganges / Brahmaputra Basin,2023,9,91.16006895020251
Ganges / Brahmaputra Basin,2023,10,47.1016490255867
Ganges / Brahmaputra Basin,2023,11,41.92063430601509
Ganges / Brahmaputra Basin,2023,12,32.09399032233083
Ganges / Brahmaputra Basin,2024,1,36.611919566039546
Ganges / Brahmaputra Basin,2024,2,43.44470459620959
Ganges / Brahmaputra Basin,2024,3,39.680733387137344
Ganges / Brahmaputra Basin,2024,4,28.679026685709413
Ganges / Brahmaputra Basin,2024,5,30.332644758525102
Ganges / Brahmaputra Basin,2024,6,50.16368126767604
Ganges / Brahmaputra Basin,2024,7,89.67702532692239
Ganges / Brahmaputra Basin,2024,8,100.40563718440708
Ganges / Brahmaputra Basin,2024,9,94.3080310680603
Ganges / Brahmaputra Basin,2024,10,63.314151721938835
Ganges / Brahmaputra Basin,2024,11,28.765180352955554
Ganges / Brahmaputra Basin,2024,12,29.35321359258049
Mekong Basin,2002,1,63.46071673394461
Mekong Basin,2002,2,66.53325009804458
Mekong Basin,2002,3,71.61805855624982
Mekong Basin,2002,4,60.348099495351015
Mekong Basin,2002,5,93.62748791481069
Mekong Basin,2002,6,101.34994534051854
Mekong Basin,2002,7,107.52310137535648
Mekong Basin,2002,8,102.53499434191532
Mekong Basin,2002,9,105.51959401073456
Mekong Basin,2002,10,78.92766130537758
Mekong Basin,2002,11,94.99518314807835
Mekong Basin,2002,12,74.82656731380891
Mekong Basin,2003,1,69.78789731926942
Mekong Basin,2003,2,73.79291673613251
Mekong Basin,2003,3,82.28129260510165
Mekong Basin,2003,4,68.9126494978791
Mekong Basin,2003,5,100.34134581594932
Mekong Basin,2003,6,106.24180405770676
Mekong Basin,2003,7,108.62961411642328
Mekong Basin,2003,8,103.8379650642323
Mekong Basin,2003,9,109.67012855143815
Mekong Basin,2003,10,79.99983345859134
Mekong Basin,2003,11,91.08286015445388
Mekong Basin,2003,12,60.800154417723526
Mekong Basin,2004,1,59.01717826302141
Mekong Basin,2004,2,58.093396708543175
Mekong Basin,2004,3,58.44125263580018
Mekong Basin,2004,4,77.24197272675211
Mekong Basin,2004,5,71.20407112623823
Mekong Basin,2004,6,108.57084944390697
Mekong Basin,2004,7,103.986772966913
Mekong Basin,2004,8,103.21672869202511
Mekong Basin,2004,9,108.21821751018526
Mekong Basin,2004,10,106.15180143193962
Mekong Basin,2004,11,61.29123152311166
Mekong Basin,2004,12,59.499724360062466
Mekong Basin,2005,1,58.45124168537118
Mekong Basin,2005,2,60.73623809692988
Mekong Basin,2005,3,66.60807966071827
Mekong Basin,2005,4,61.502649121802854
Mekong Basin,2005,5,92.71112894523397
Mekong Basin,2005,6,100.57506000095266
Mekong Basin,2005,7,109.01468799215388
Mekong Basin,2005,8,106.02471259015444
Mekong Basin,2005,9,107.730377648336
Mekong Basin,2005,10,82.2043729040283
Mekong Basin,2005,11,93.99190077254448
Mekong Basin,2005,12,67.2816087968562
Mekong Basin,2006,1,70.27659338958105
Mekong Basin,2006,2,71.78082498545889
Mekong Basin,2006,3,78.43632058504146
Mekong Basin,2006,4,68.16353078493341
Mekong Basin,2006,5,99.73780681501825
Mekong Basin,2006,6,107.24543158597756
Mekong Basin,2006,7,106.53156566042142
Mekong Basin,2006,8,105.513759106461
Mekong Basin,2006,9,106.34315317098452
Mekong Basin,2006,10,84.36428050590378
Mekong Basin,2006,11,94.40070417160791
Mekong Basin,2006,12,64.74040577925658
Mekong Basin,2007,1,62.95743916340941
Mekong Basin,2007,2,63.65113316263696
Mekong Basin,2007,3,70.7055232556364
Mekong Basin,2007,4,57.523921785720816
Mekong Basin,2007,5,99.72787174546872
Mekong Basin,2007,6,104.82670850749676
Mekong Basin,2007,7,105.5361230243244
Mekong Basin,2007,8,105.54296866649862
Mekong Basin,2007,9,103.68106139594722
Mekong Basin,2007,10,77.63143186137785
Mekong Basin,2007,11,85.52406548660375
Mekong Basin,2007,12,71.82863000324524
Mekong Basin,2008,1,66.11573589856754
Mekong Basin,2008,2,65.21294957830729
Mekong Basin,2008,3,73.64907641608329
Mekong Basin,2008,4,88.8524770008704
Mekong Basin,2008,5,76.39492707828268
Mekong Basin,2008,6,102.5626668724873
Mekong Basin,2008,7,103.76741393664886
Mekong Basin,2008,8,103.96233674059224
Mekong Basin,2008,9,102.02407146430264
Mekong Basin,2008,10,98.9816817198297
Mekong Basin,2008,11,66.65043135845293
Mekong Basin,2008,12,71.55476748534512
Mekong Basin,2009,1,66.52839733437736
Mekong Basin,2009,2,69.81698341530544
Mekong Basin,2009,3,75.03570925082988
Mekong Basin,2009,4,68.41486996602794
Mekong Basin,2009,5,101.4334999420265
Mekong Basin,2009,6,104.1696771004396
Mekong Basin,2009,7,108.34626978277689
Mekong Basin,2009,8,105.18561744365532
Mekong Basin,2009,9,107.3146926681858
Mekong Basin,2009,10,78.87303403534641
Mekong Basin,2009,11,92.43918425110292
Mekong Basin,2009,12,66.07746744863123
Mekong Basin,2010,1,68.8708570494536
Mekong Basin,2010,2,72.0856636062897
Mekong Basin,2010,3,66.58694149599674
Mekong Basin,2010,4,57.97384886991478
Mekong Basin,2010,5,95.97936210418564
Mekong Basin,2010,6,99.41127840915848
Mekong Basin,2010,7,104.67954378125066
Mekong Basin,2010,8,106.566069220389
Mekong Basin,2010,9,100.79092280660734
Mekong Basin,2010,10,73.5003721373831
Mekong Basin,2010,11,92.52317957419255
Mekong Basin,2010,12,71.03598513588271
Mekong Basin,2011,1,66.11660467679216
Mekong Basin,2011,2,70.48024950373903
Mekong Basin,2011,3,75.06842812129226
Mekong Basin,2011,4,63.13527245507171
Mekong Basin,2011,5,98.9153559620573
Mekong Basin,2011,6,104.7614082964958
Mekong Basin,2011,7,109.34542826627478
Mekong Basin,2011,8,105.66949923176092
Mekong Basin,2011,9,96.79444511141875
Mekong Basin,2011,10,80.96492796570111
Mekong Basin,2011,11,94.49017623076628
Mekong Basin,2011,12,65.30264474104926
Mekong Basin,2012,1,65.89329913798115
Mekong Basin,2012,2,71.58623919750688
Mekong Basin,2012,3,74.11469071110956
Mekong Basin,2012,4,90.11101326895482
Mekong Basin,2012,5,70.4381801410755
Mekong Basin,2012,6,101.07997183193947
Mekong Basin,2012,7,107.93649265713957
Mekong Basin,2012,8,106.10533500419822
Mekong Basin,2012,9,107.17547670891162
Mekong Basin,2012,10,110.49309264504257
Mekong Basin,2012,11,67.59318399923795
Mekong Basin,2012,12,77.29408376827183
Mekong Basin,2013,1,69.87915639739111
Mekong Basin,2013,2,69.94442182238609
Mekong Basin,2013,3,75.94060492687882
Mekong Basin,2013,4,64.2346338209903
Mekong Basin,2013,5,96.7846972729822
Mekong Basin,2013,6,105.6910823750977
Mekong Basin,2013,7,104.38432013030818
Mekong Basin,2013,8,105.0034351325569
Mekong Basin,2013,9,107.4719255576153
Mekong Basin,2013,10,82.14973208489106
Mekong Basin,2013,11,92.62587514717976
Mekong Basin,2013,12,64.7658538317376
Mekong Basin,2014,1,67.1523143074486
Mekong Basin,2014,2,72.2154212750669
Mekong Basin,2014,3,75.61809437176677
Mekong Basin,2014,4,63.50921489848585
Mekong Basin,2014,5,97.86193814176612
Mekong Basin,2014,6,102.19914189724126
Mekong Basin,2014,7,102.36394275394744
Mekong Basin,2014,8,103.04751058097575
Mekong Basin,2014,9,106.81684048489096
Mekong Basin,2014,10,81.83452693212328
Mekong Basin,2014,11,98.02633790380656
Mekong Basin,2014,12,69.47539309195571
Mekong Basin,2015,1,64.82391736239086
Mekong Basin,2015,2,69.75295823525535
Mekong Basin,2015,3,74.43836254479399
Mekong Basin,2015,4,63.46915838236067
Mekong Basin,2015,5,95.3420397044381
Mekong Basin,2015,6,104.96706779988564
Mekong Basin,2015,7,98.84981197484058
Mekong Basin,2015,8,105.95995979355172
Mekong Basin,2015,9,109.35932131364098
Mekong Basin,2015,10,83.0699432245327
Mekong Basin,2015,11,100.69036269258876
Mekong Basin,2015,12,71.20425469891646
Mekong Basin,2016,1,70.06615496291731
Mekong Basin,2016,2,66.62076116379998
Mekong Basin,2016,3,69.3584009152905
Mekong Basin,2016,4,74.8435372601291
Mekong Basin,2016,5,69.8544523882751
Mekong Basin,2016,6,104.82026843100734
Mekong Basin,2016,7,109.14205323204196
Mekong Basin,2016,8,112.17199968705948
Mekong Basin,2016,9,107.94228726948344
Mekong Basin,2016,10,105.33675365155152
Mekong Basin,2016,11,73.19821881078893
Mekong Basin,2016,12,77.85731786609426
Mekong Basin,2017,1,79.4689689431722
Mekong Basin,2017,2,76.12468334045671
Mekong Basin,2017,3,86.75468166525184
Mekong Basin,2017,4,75.21644567924665
Mekong Basin,2017,5,103.13676351128044
Mekong Basin,2017,6,106.91885509710812
Mekong Basin,2017,7,103.61989876652648
Mekong Basin,2017,8,105.74014332540922
Mekong Basin,2017,9,104.55779240538422
Mekong Basin,2017,10,80.96035316164722
Mekong Basin,2017,11,91.30428102971948
Mekong Basin,2017,12,71.09229188152416
Mekong Basin,2018,1,74.56390384367597
Mekong Basin,2018,2,74.56188730911792
Mekong Basin,2018,3,80.75559105428617
Mekong Basin,2018,4,68.48889380622374
Mekong Basin,2018,5,99.56810204246338
Mekong Basin,2018,6,108.19690889731996
Mekong Basin,2018,7,105.8531863917923
Mekong Basin,2018,8,107.5668192718954
Mekong Basin,2018,9,112.78880219713233
Mekong Basin,2018,10,79.22769363835137
Mekong Basin,2018,11,93.1808063133238
Mekong Basin,2018,12,69.29848315892619
Mekong Basin,2019,1,68.26796751097348
Mekong Basin,2019,2,72.58927109915861
Mekong Basin,2019,3,75.55431591465629
Mekong Basin,2019,4,67.07351682095062
Mekong Basin,2019,5,93.76972427821048
Mekong Basin,2019,6,105.36866376787312
Mekong Basin,2019,7,107.4236518146592
Mekong Basin,2019,8,107.39708543897974
Mekong Basin,2019,9,116.0963934781367
Mekong Basin,2019,10,84.30840024735522
Mekong Basin,2019,11,93.57881808630432
Mekong Basin,2019,12,64.02611594836118
Mekong Basin,2020,1,65.10607959512788
Mekong Basin,2020,2,65.0677411268708
Mekong Basin,2020,3,70.42748750589682
Mekong Basin,2020,4,83.20036241014104
Mekong Basin,2020,5,72.97249060582305
Mekong Basin,2020,6,103.23807961505976
Mekong Basin,2020,7,109.0563334428542
Mekong Basin,2020,8,107.61579563388987
Mekong Basin,2020,9,101.46954389163594
Mekong Basin,2020,10,97.28033564597432
Mekong Basin,2020,11,72.88170811111773
Mekong Basin,2020,12,74.2244621527871
Mekong Basin,2021,1,66.33251625583358
Mekong Basin,2021,2,69.58827055963692
Mekong Basin,2021,3,73.41500090722154
Mekong Basin,2021,4,64.18366128830597
Mekong Basin,2021,5,101.87520583913296
Mekong Basin,2021,6,108.31626622729708
Mekong Basin,2021,7,109.48845035417966
Mekong Basin,2021,8,107.2787919409552
Mekong Basin,2021,9,105.82638671018783
Mekong Basin,2021,10,74.83632950029104
Mekong Basin,2021,11,94.22127461964372
Mekong Basin,2021,12,73.31000621573087
Mekong Basin,2022,1,72.77988419124404
Mekong Basin,2022,2,79.34435079283625
Mekong Basin,2022,3,88.24887400180324
Mekong Basin,2022,4,75.94253387821585
Mekong Basin,2022,5,105.1056965720249
Mekong Basin,2022,6,105.05661259273064
Mekong Basin,2022,7,108.01306756407892
Mekong Basin,2022,8,105.27899882897958
Mekong Basin,2022,9,102.35018498487108
Mekong Basin,2022,10,78.54675650750994
Mekong Basin,2022,11,93.18158747743205
Mekong Basin,2022,12,69.72521029202574
Mekong Basin,2023,1,70.55911824114584
Mekong Basin,2023,2,74.11913768354336
Mekong Basin,2023,3,73.89920500765113
Mekong Basin,2023,4,58.87403517815716
Mekong Basin,2023,5,96.65794610849404
Mekong Basin,2023,6,102.37778593813366
Mekong Basin,2023,7,107.48508501554794
Mekong Basin,2023,8,109.05118465470808
Mekong Basin,2023,9,102.18101791394056
Mekong Basin,2023,10,77.44525228418053
Mekong Basin,2023,11,96.1609182424418
Mekong Basin,2023,12,74.35308326868515
Mekong Basin,2024,1,69.14764016879583
Mekong Basin,2024,2,71.56180300556022
Mekong Basin,2024,3,75.62304194316164
Mekong Basin,2024,4,77.9617702590533
Mekong Basin,2024,5,65.59673361972388
Mekong Basin,2024,6,100.25953771347206
Mekong Basin,2024,7,105.28205728967129
Mekong Basin,2024,8,107.40762214960722
Mekong Basin,2024,9,104.50853591219828
Mekong Basin,2024,10,102.438962563199
Mekong Basin,2024,11,70.42107301017258
Mekong Basin,2024,12,70.99456840926835
Mississippi / Missouri,2002,1,22.794192318335668
Mississippi / Missouri,2002,2,25.12252559894597
Mississippi / Missouri,2002,3,34.18020443729849
Mississippi / Missouri,2002,4,33.01094759589059
Mississippi / Missouri,2002,5,54.9918506671512
Mississippi / Missouri,2002,6,72.0047881315826
Mississippi / Missouri,2002,7,72.96836986286957
Mississippi / Missouri,2002,8,62.463600270639155
Mississippi / Missouri,2002,9,41.22451309938218
Mississippi / Missouri,2002,10,20.9041233792162
Mississippi / Missouri,2002,11,23.17578677328018
Mississippi / Missouri,2002,12,19.54594713203076
Mississippi / Missouri,2003,1,21.90905494094483
Mississippi / Missouri,2003,2,26.129738939199974
Mississippi / Missouri,2003,3,34.92290514678741
Mississippi / Missouri,2003,4,30.770719678484156
Mississippi / Missouri,2003,5,61.4777931391736
Mississippi / Missouri,2003,6,78.72871432982967
Mississippi / Missouri,2003,7,76.26745892990658
Mississippi / Missouri,2003,8,60.801992640910534
Mississippi / Missouri,2003,9,41.33819115105534
Mississippi / Missouri,2003,10,18.925647626762768
Mississippi / Missouri,2003,11,23.360717829839047
Mississippi / Missouri,2003,12,18.691250383150116
Mississippi / Missouri,2004,1,21.00119346587121
Mississippi / Missouri,2004,2,25.35204445613385
Mississippi / Missouri,2004,3,31.987297292202765
Mississippi / Missouri,2004,4,43.000382553385805
Mississippi / Missouri,2004,5,50.105357890616055
Mississippi / Missouri,2004,6,74.92030115364376
Mississippi / Missouri,2004,7,86.25895290689579
Mississippi / Missouri,2004,8,71.70097895201924
Mississippi / Missouri,2004,9,45.46929954713785
Mississippi / Missouri,2004,10,29.07398562675204
Mississippi / Missouri,2004,11,18.323379623237052
Mississippi / Missouri,2004,12,20.251533179386247
Mississippi / Missouri,2005,1,21.21092810136498
Mississippi / Missouri,2005,2,28.32984275511303
Mississippi / Missouri,2005,3,34.607717796974114
Mississippi / Missouri,2005,4,32.66624741871597
Mississippi / Missouri,2005,5,60.90813606659927
Mississippi / Missouri,2005,6,81.94707743793451
Mississippi / Missouri,2005,7,81.01162867920502
Mississippi / Missouri,2005,8,66.3790353173856
Mississippi / Missouri,2005,9,45.10798573981728
Mississippi / Missouri,2005,10,21.58996781041374
Mississippi / Missouri,2005,11,21.604129106042013
Mississippi / Missouri,2005,12,16.818110482452212
Mississippi / Missouri,2006,1,21.538548388423788
Mississippi / Missouri,2006,2,25.34904227221186
Mississippi / Missouri,2006,3,33.01117283146046
Mississippi / Missouri,2006,4,30.623420102359177
Mississippi / Missouri,2006,5,58.4063832832723
Mississippi / Missouri,2006,6,69.06289998546664
Mississippi / Missouri,2006,7,71.38378738592765
Mississippi / Missouri,2006,8,61.862255403517025
Mississippi / Missouri,2006,9,44.66710772206222
Mississippi / Missouri,2006,10,21.223335725796105
Mississippi / Missouri,2006,11,23.361446589655056
Mississippi / Missouri,2006,12,19.55461243398126
Mississippi / Missouri,2007,1,21.743348651502743
Mississippi / Missouri,2007,2,24.713868703327204
Mississippi / Missouri,2007,3,38.63773504983328
Mississippi / Missouri,2007,4,31.92083076213014
Mississippi / Missouri,2007,5,66.34533326530166
Mississippi / Missouri,2007,6,82.07684748091553
Mississippi / Missouri,2007,7,85.22070395609568
Mississippi / Missouri,2007,8,62.49238778754078
Mississippi / Missouri,2007,9,44.41356816118971
Mississippi / Missouri,2007,10,21.613568674278294
Mississippi / Missouri,2007,11,21.8769613026399
Mississippi / Missouri,2007,12,17.549006810096632
Mississippi / Missouri,2008,1,20.623734325276505
Mississippi / Missouri,2008,2,25.89725724016348
Mississippi / Missouri,2008,3,35.10505504835338
Mississippi / Missouri,2008,4,44.51714210005192
Mississippi / Missouri,2008,5,46.709265948817894
Mississippi / Missouri,2008,6,77.76681336521199
Mississippi / Missouri,2008,7,80.35002977231339
Mississippi / Missouri,2008,8,72.91302166265841
Mississippi / Missouri,2008,9,48.18419076517478
Mississippi / Missouri,2008,10,27.697415335070225
Mississippi / Missouri,2008,11,16.81820074890192
Mississippi / Missouri,2008,12,18.17457629734978
Mississippi / Missouri,2009,1,19.873864526107656
Mississippi / Missouri,2009,2,25.731231153858342
Mississippi / Missouri,2009,3,33.64714011041887
Mississippi / Missouri,2009,4,31.601357412573357
Mississippi / Missouri,2009,5,61.68528145246457
Mississippi / Missouri,2009,6,80.67274517418642
Mississippi / Missouri,2009,7,82.81834616463142
Mississippi / Missouri,2009,8,76.42049188682516
Mississippi / Missouri,2009,9,47.10726000998332
Mississippi / Missouri,2009,10,23.459937938968853
Mississippi / Missouri,2009,11,24.410537792162483
Mississippi / Missouri,2009,12,16.33622104077378
Mississippi / Missouri,2010,1,19.223962591212914
Mississippi / Missouri,2010,2,23.81981709624994
Mississippi / Missouri,2010,3,36.04966213608697
Mississippi / Missouri,2010,4,33.36418868772374
Mississippi / Missouri,2010,5,68.48149369610151
Mississippi / Missouri,2010,6,89.39582144644054
Mississippi / Missouri,2010,7,91.60211787133704
Mississippi / Missouri,2010,8,72.62484956556236
Mississippi / Missouri,2010,9,42.9885838646803
Mississippi / Missouri,2010,10,18.613093996821643
Mississippi / Missouri,2010,11,21.26529818319135
Mississippi / Missouri,2010,12,16.382540564558827
Mississippi / Missouri,2011,1,18.732400464887064
Mississippi / Missouri,2011,2,24.282968562813068
Mississippi / Missouri,2011,3,34.20507572291905
Mississippi / Missouri,2011,4,35.68000196968787
Mississippi / Missouri,2011,5,62.5572359982241
Mississippi / Missouri,2011,6,76.49983415138541
Mississippi / Missouri,2011,7,83.04546833727947
Mississippi / Missouri,2011,8,66.8090268150079
Mississippi / Missouri,2011,9,40.31595876420449
Mississippi / Missouri,2011,10,19.326082673769097
Mississippi / Missouri,2011,11,23.002249413980365
Mississippi / Missouri,2011,12,19.80978188040333
Mississippi / Missouri,2012,1,22.836530039327133
Mississippi / Missouri,2012,2,27.598717292702855
Mississippi / Missouri,2012,3,36.33846257687907
Mississippi / Missouri,2012,4,50.71600755532554
Mississippi / Missouri,2012,5,45.83536875756681
Mississippi / Missouri,2012,6,68.49054505682999
Mississippi / Missouri,2012,7,62.9351461183874
Mississippi / Missouri,2012,8,54.53395432773424
Mississippi / Missouri,2012,9,36.940382274532126
Mississippi / Missouri,2012,10,26.164723672029748
Mississippi / Missouri,2012,11,16.33416348024063
Mississippi / Missouri,2012,12,18.7703298325729
Mississippi / Missouri,2013,1,21.69528332137713
Mississippi / Missouri,2013,2,25.860283911445425
Mississippi / Missouri,2013,3,32.01217806264823
Mississippi / Missouri,2013,4,34.62124562973016
Mississippi / Missouri,2013,5,60.11696037158304
Mississippi / Missouri,2013,6,79.29572718970518
Mississippi / Missouri,2013,7,83.40706533249943
Mississippi / Missouri,2013,8,76.55877663539742
Mississippi / Missouri,2013,9,47.70004218575155
Mississippi / Missouri,2013,10,22.33653704354772
Mississippi / Missouri,2013,11,23.333742229806504
Mississippi / Missouri,2013,12,16.954453763077886
Mississippi / Missouri,2014,1,20.472963541250177
Mississippi / Missouri,2014,2,24.024190087453068
Mississippi / Missouri,2014,3,34.8203832215654
Mississippi / Missouri,2014,4,29.915693997456344
Mississippi / Missouri,2014,5,59.72783557598938
Mississippi / Missouri,2014,6,82.40219103428049
Mississippi / Missouri,2014,7,89.83455252894089
Mississippi / Missouri,2014,8,76.7724722643354
Mississippi / Missouri,2014,9,50.08339622975825
Mississippi / Missouri,2014,10,21.527908515605205
Mississippi / Missouri,2014,11,21.343040001867493
Mississippi / Missouri,2014,12,18.208948688184183
Mississippi / Missouri,2015,1,21.50698427639674
Mississippi / Missouri,2015,2,26.153687155213355
Mississippi / Missouri,2015,3,33.64234188114777
Mississippi / Missouri,2015,4,31.401409498213972
Mississippi / Missouri,2015,5,66.48724347311878
Mississippi / Missouri,2015,6,88.28795063203418
Mississippi / Missouri,2015,7,95.44793425290813
Mississippi / Missouri,2015,8,76.4164023129992
Mississippi / Missouri,2015,9,46.58021408222572
Mississippi / Missouri,2015,10,19.7978398383674
Mississippi / Missouri,2015,11,23.640842284548334
Mississippi / Missouri,2015,12,19.221567378200923
Mississippi / Missouri,2016,1,21.027049068957584
Mississippi / Missouri,2016,2,27.172859292367797
Mississippi / Missouri,2016,3,35.34730172874991
Mississippi / Missouri,2016,4,49.028716137961
Mississippi / Missouri,2016,5,50.58229049569401
Mississippi / Missouri,2016,6,85.56815362013812
Mississippi / Missouri,2016,7,89.44349690282989
Mississippi / Missouri,2016,8,78.76881509076374
Mississippi / Missouri,2016,9,53.42223779518315
Mississippi / Missouri,2016,10,29.210429945463037
Mississippi / Missouri,2016,11,16.170084881374496
Mississippi / Missouri,2016,12,18.393771426924133
Mississippi / Missouri,2017,1,20.795534708202492
Mississippi / Missouri,2017,2,27.34108445112538
Mississippi / Missouri,2017,3,36.65368598385926
Mississippi / Missouri,2017,4,35.433403797927745
Mississippi / Missouri,2017,5,64.81198875528278
Mississippi / Missouri,2017,6,78.83679221797695
Mississippi / Missouri,2017,7,85.88650459277515
Mississippi / Missouri,2017,8,76.77727377435146
Mississippi / Missouri,2017,9,50.25853305532685
Mississippi / Missouri,2017,10,20.96984206913648
Mississippi / Missouri,2017,11,24.04905086285277
Mississippi / Missouri,2017,12,18.357026713276916
Mississippi / Missouri,2018,1,20.64670047123674
Mississippi / Missouri,2018,2,25.677492121372413
Mississippi / Missouri,2018,3,34.2044741506592
Mississippi / Missouri,2018,4,29.244636078106637
Mississippi / Missouri,2018,5,65.44490152126774
Mississippi / Missouri,2018,6,86.2770710822315
Mississippi / Missouri,2018,7,91.71917059765556
Mississippi / Missouri,2018,8,75.31353352151743
Mississippi / Missouri,2018,9,52.677333577510595
Mississippi / Missouri,2018,10,23.34914761292236
Mississippi / Missouri,2018,11,23.145652814296405
Mississippi / Missouri,2018,12,18.72422137518785
Mississippi / Missouri,2019,1,21.3480546410387
Mississippi / Missouri,2019,2,23.238660935076435
Mississippi / Missouri,2019,3,36.90953005482244
Mississippi / Missouri,2019,4,37.14775133856964
Mississippi / Missouri,2019,5,71.29926143166358
Mississippi / Missouri,2019,6,84.30060866025944
Mississippi / Missouri,2019,7,98.80187748818594
Mississippi / Missouri,2019,8,84.23147734938811
Mississippi / Missouri,2019,9,54.79984706207913
Mississippi / Missouri,2019,10,22.30252368309046
Mississippi / Missouri,2019,11,22.722218854217633
Mississippi / Missouri,2019,12,18.129029009476525
Mississippi / Missouri,2020,1,21.47784746878886
Mississippi / Missouri,2020,2,27.684846550702524
Mississippi / Missouri,2020,3,40.89684784934573
Mississippi / Missouri,2020,4,47.4587328987426
Mississippi / Missouri,2020,5,50.6714269910037
Mississippi / Missouri,2020,6,83.43828126649578
Mississippi / Missouri,2020,7,95.29403156316762
Mississippi / Missouri,2020,8,78.53697429038813
Mississippi / Missouri,2020,9,46.15840020631277
Mississippi / Missouri,2020,10,27.99513054107369
Mississippi / Missouri,2020,11,17.447731174338088
Mississippi / Missouri,2020,12,19.7357056721285
Mississippi / Missouri,2021,1,21.499974391092312
Mississippi / Missouri,2021,2,23.311788834520947
Mississippi / Missouri,2021,3,34.07473747018348
Mississippi / Missouri,2021,4,33.323257181139134
Mississippi / Missouri,2021,5,61.84305972490534
Mississippi / Missouri,2021,6,82.30848094669128
Mississippi / Missouri,2021,7,92.37109920840432
Mississippi / Missouri,2021,8,77.82713255528468
Mississippi / Missouri,2021,9,48.96834204790412
Mississippi / Missouri,2021,10,24.202166535430155
Mississippi / Missouri,2021,11,22.70616846336936
Mississippi / Missouri,2021,12,19.212153676123467
Mississippi / Missouri,2022,1,20.500518211659887
Mississippi / Missouri,2022,2,25.57902339011037
Mississippi / Missouri,2022,3,34.05346091877444
Mississippi / Missouri,2022,4,32.51471700657215
Mississippi / Missouri,2022,5,62.92165410474501
Mississippi / Missouri,2022,6,79.93263473491446
Mississippi / Missouri,2022,7,85.28255204382758
Mississippi / Missouri,2022,8,75.98702065871417
Mississippi / Missouri,2022,9,48.86932678248258
Mississippi / Missouri,2022,10,18.113514679034033
Mississippi / Missouri,2022,11,23.197904226738775
Mississippi / Missouri,2022,12,17.104673924208527
Mississippi / Missouri,2023,1,20.361635450133296
Mississippi / Missouri,2023,2,27.778291810897585
Mississippi / Missouri,2023,3,34.78227351660808
Mississippi / Missouri,2023,4,30.85531516972439
Mississippi / Missouri,2023,5,62.86325613575949
Mississippi / Missouri,2023,6,85.83402289412876
Mississippi / Missouri,2023,7,93.33975365434516
Mississippi / Missouri,2023,8,77.91985156966408
Mississippi / Missouri,2023,9,47.21372405043024
Mississippi / Missouri,2023,10,21.83583792091442
Mississippi / Missouri,2023,11,23.009737041517933
Mississippi / Missouri,2023,12,19.842620037922536
Mississippi / Missouri,2024,1,19.96041392141896
Mississippi / Missouri,2024,2,28.25700262863146
Mississippi / Missouri,2024,3,34.69834588440439
Mississippi / Missouri,2024,4,48.62211635122751
Mississippi / Missouri,2024,5,50.327468442174386
Mississippi / Missouri,2024,6,83.66409988581604
Mississippi / Missouri,2024,7,87.82065080150369
Mississippi / Missouri,2024,8,74.52651568198571
Mississippi / Missouri,2024,9,44.98580519072265
Mississippi / Missouri,2024,10,25.314091718230564
Mississippi / Missouri,2024,11,17.645889257103565
Mississippi / Missouri,2024,12,20.21749094106699
Murray Darling,2002,1,19.323187075384475
Murray Darling,2002,2,26.29981400542215
Murray Darling,2002,3,21.978015879555834
Murray Darling,2002,4,14.74141489358574
Murray Darling,2002,5,17.58302820505516
Murray Darling,2002,6,18.951119570297912
Murray Darling,2002,7,15.596760443636118
Murray Darling,2002,8,16.887638652846096
Murray Darling,2002,9,19.21441931729484
Murray Darling,2002,10,12.639831320744015
Murray Darling,2002,11,14.052278642782904
Murray Darling,2002,12,13.987709467699174
Murray Darling,2003,1,12.628527959022549
Murray Darling,2003,2,20.65264372751399
Murray Darling,2003,3,21.97031510631667
Murray Darling,2003,4,17.46162575806823
Murray Darling,2003,5,23.153469565807782
Murray Darling,2003,6,23.86176402024414
Murray Darling,2003,7,23.02025116956944
Murray Darling,2003,8,27.79493806695622
Murray Darling,2003,9,34.547982232378224
Murray Darling,2003,10,25.73013385106074
Murray Darling,2003,11,26.31899936982806
Murray Darling,2003,12,20.31142380685938
Murray Darling,2004,1,25.509181201276668
Murray Darling,2004,2,23.6891067298512
Murray Darling,2004,3,24.937811037629434
Murray Darling,2004,4,18.29794514411791
Murray Darling,2004,5,14.397282796957022
Murray Darling,2004,6,21.478419716473333
Murray Darling,2004,7,21.758310154354607
Murray Darling,2004,8,25.097248172245283
Murray Darling,2004,9,34.18543228532438
Murray Darling,2004,10,30.379077491275293
Murray Darling,2004,11,20.210711961846677
Murray Darling,2004,12,27.039717088047432
Murray Darling,2005,1,22.54126693982909
Murray Darling,2005,2,21.57875506278163
Murray Darling,2005,3,17.471133867808803
Murray Darling,2005,4,10.470168521760762
Murray Darling,2005,5,16.417589859988706
Murray Darling,2005,6,24.065714523858173
Murray Darling,2005,7,25.610888713413644
Murray Darling,2005,8,27.391993826190028
Murray Darling,2005,9,40.90979056740183
Murray Darling,2005,10,32.1460573792292
Murray Darling,2005,11,37.20224448288453
Murray Darling,2005,12,21.296740831326403
Murray Darling,2006,1,19.831318568835385
Murray Darling,2006,2,20.85621060986037
Murray Darling,2006,3,19.578408216200597
Murray Darling,2006,4,14.433015966438557
Murray Darling,2006,5,18.28546670921576
Murray Darling,2006,6,22.40065254178233
Murray Darling,2006,7,22.857088844315975
Murray Darling,2006,8,22.931653868522044
Murray Darling,2006,9,25.27785059523852
Murray Darling,2006,10,13.423863592559972
Murray Darling,2006,11,16.642207910395374
Murray Darling,2006,12,13.52807896025162
Murray Darling,2007,1,17.674150255122637
Murray Darling,2007,2,15.489649794258348
Murray Darling,2007,3,18.65319183796899
Murray Darling,2007,4,11.813858731208
Murray Darling,2007,5,20.55493822042804
Murray Darling,2007,6,23.96836951121062
Murray Darling,2007,7,22.58866994682355
Murray Darling,2007,8,28.730849410332432
Murray Darling,2007,9,25.925448391448572
Murray Darling,2007,10,16.48083520762992
Murray Darling,2007,11,27.478319020563887
Murray Darling,2007,12,31.648193767352225
Murray Darling,2008,1,36.25015096433528
Murray Darling,2008,2,38.318799637442545
Murray Darling,2008,3,23.551709498455025
Murray Darling,2008,4,18.926158611537183
Murray Darling,2008,5,14.50941023005952
Murray Darling,2008,6,23.932148233148503
Murray Darling,2008,7,22.19018890314266
Murray Darling,2008,8,24.48094182446577
Murray Darling,2008,9,30.745161002673445
Murray Darling,2008,10,27.276344731081643
Murray Darling,2008,11,19.505922251002993
Murray Darling,2008,12,25.035873208090617
Murray Darling,2009,1,21.66004666353175
Murray Darling,2009,2,21.690381756420475
Murray Darling,2009,3,20.127052193449423
Murray Darling,2009,4,15.660021282613227
Murray Darling,2009,5,23.014697033578845
Murray Darling,2009,6,24.829078604103383
Murray Darling,2009,7,25.155084952339507
Murray Darling,2009,8,26.423527588964784
Murray Darling,2009,9,27.27912762188737
Murray Darling,2009,10,19.101088043439212
Murray Darling,2009,11,19.277679744661164
Murray Darling,2009,12,18.592517004673404
Murray Darling,2010,1,28.51428035371768
Murray Darling,2010,2,43.40407023756065
Murray Darling,2010,3,39.84587923259843
Murray Darling,2010,4,23.23417282675319
Murray Darling,2010,5,25.801315930604733
Murray Darling,2010,6,25.2890043059367
Murray Darling,2010,7,27.91561492613223
Murray Darling,2010,8,33.61543469185034
Murray Darling,2010,9,49.16474404441708
Murray Darling,2010,10,42.13725205912372
Murray Darling,2010,11,54.000796421684285
Murray Darling,2010,12,51.127415709019765
Murray Darling,2011,1,50.06886056251269
Murray Darling,2011,2,46.39173802931975
Murray Darling,2011,3,43.20762759065891
Murray Darling,2011,4,23.99061766104956
Murray Darling,2011,5,25.04608969166067
Murray Darling,2011,6,24.20194203656047
Murray Darling,2011,7,23.22383035823825
Murray Darling,2011,8,28.061929214727325
Murray Darling,2011,9,30.65483349277387
Murray Darling,2011,10,27.313633122613876
Murray Darling,2011,11,34.423229875533075
Murray Darling,2011,12,39.000944807797026
Murray Darling,2012,1,38.849773207751674
Murray Darling,2012,2,45.320119969549765
Murray Darling,2012,3,43.244856676155685
Murray Darling,2012,4,29.531114309937763
Murray Darling,2012,5,16.693795217646333
Murray Darling,2012,6,25.431769616325443
Murray Darling,2012,7,26.01348101404736
Murray Darling,2012,8,24.468152299325144
Murray Darling,2012,9,29.267334812736653
Murray Darling,2012,10,26.75144170195811
Murray Darling,2012,11,18.128600753085387
Murray Darling,2012,12,20.750339994977896
Murray Darling,2013,1,20.21572956172775
Murray Darling,2013,2,28.86207951620696
Murray Darling,2013,3,28.858697120770746
Murray Darling,2013,4,15.216736985847891
Murray Darling,2013,5,21.390593726551565
Murray Darling,2013,6,25.78341494045587
Murray Darling,2013,7,26.01271899606017
Murray Darling,2013,8,28.841038895842956
Murray Darling,2013,9,31.619014677487055
Murray Darling,2013,10,19.242743056830488
Murray Darling,2013,11,21.724697751116793
Murray Darling,2013,12,16.25589318747271
Murray Darling,2014,1,15.366102198296815
Murray Darling,2014,2,21.40592976323063
Murray Darling,2014,3,29.699327801250067
Murray Darling,2014,4,24.14738594928616
Murray Darling,2014,5,27.301035347911977
Murray Darling,2014,6,25.008056987108212
Murray Darling,2014,7,23.240360869288796
Murray Darling,2014,8,28.603312207967896
Murray Darling,2014,9,33.548230232334795
Murray Darling,2014,10,19.504781812617203
Murray Darling,2014,11,17.805403692249765
Murray Darling,2014,12,22.48122392282387
Murray Darling,2015,1,32.409176791085166
Murray Darling,2015,2,26.112626169860516
Murray Darling,2015,3,20.37431114914943
Murray Darling,2015,4,17.9009937076956
Murray Darling,2015,5,25.114419462248165
Murray Darling,2015,6,25.755640287499045
Murray Darling,2015,7,26.449798975822382
Murray Darling,2015,8,32.84590837943026
Murray Darling,2015,9,38.23237617221499
Murray Darling,2015,10,22.924033526910623
Murray Darling,2015,11,29.071902503813863
Murray Darling,2015,12,21.205401280466106
Murray Darling,2016,1,28.921458464276853
Murray Darling,2016,2,26.618335709005816
Murray Darling,2016,3,18.47823254036455
Murray Darling,2016,4,17.897117211733732
Murray Darling,2016,5,16.724085792461782
Murray Darling,2016,6,26.454303621766854
Murray Darling,2016,7,32.410377599823946
Murray Darling,2016,8,40.46778372324668
Murray Darling,2016,9,54.42412405598255
Murray Darling,2016,10,51.70100710700172
Murray Darling,2016,11,28.830192122646757
Murray Darling,2016,12,29.4177745070767
Murray Darling,2017,1,27.644493860543086
Murray Darling,2017,2,22.885059778405967
Murray Darling,2017,3,27.377732594167934
Murray Darling,2017,4,20.354370093155453
Murray Darling,2017,5,24.140812602345303
Murray Darling,2017,6,23.38454764759396
Murray Darling,2017,7,21.937164465996368
Murray Darling,2017,8,22.09926562621553
Murray Darling,2017,9,25.666345880753735
Murray Darling,2017,10,25.57792914915649
Murray Darling,2017,11,30.50723712734221
Murray Darling,2017,12,24.938405316251703
Murray Darling,2018,1,20.41529071387266
Murray Darling,2018,2,21.81306410326164
Murray Darling,2018,3,22.54163506603261
Murray Darling,2018,4,12.229043646436333
Murray Darling,2018,5,18.199837820337425
Murray Darling,2018,6,21.295332538003475
Murray Darling,2018,7,17.974682395949806
Murray Darling,2018,8,19.628321824396313
Murray Darling,2018,9,21.347724510409613
Murray Darling,2018,10,20.06634995830387
Murray Darling,2018,11,22.925560647601692
Murray Darling,2018,12,19.743692936179272
Murray Darling,2019,1,14.395220510907324
Murray Darling,2019,2,13.787022174257135
Murray Darling,2019,3,17.64739105342819
Murray Darling,2019,4,14.738177377548638
Murray Darling,2019,5,24.295449667086256
Murray Darling,2019,6,23.768300924084947
Murray Darling,2019,7,24.094773255301053
Murray Darling,2019,8,22.153907631152936
Murray Darling,2019,9,21.668185451162216
Murray Darling,2019,10,13.902874434292205
Murray Darling,2019,11,15.950019530132288
Murray Darling,2019,12,9.611360404302411
Murray Darling,2020,1,14.245796648891382
Murray Darling,2020,2,29.96265009879158
Murray Darling,2020,3,36.41452060408358
Murray Darling,2020,4,30.32629612752805
Murray Darling,2020,5,20.37699771615505
Murray Darling,2020,6,25.489951563854692
Murray Darling,2020,7,27.51033313813911
Murray Darling,2020,8,32.55169646630062
Murray Darling,2020,9,40.539561417118
Murray Darling,2020,10,38.81833225590436
Murray Darling,2020,11,21.557163730268982
Murray Darling,2020,12,27.011803242347263
Murray Darling,2021,1,34.068694064677466
Murray Darling,2021,2,33.225588066894936
Murray Darling,2021,3,37.04510132370256
Murray Darling,2021,4,21.660481265583417
Murray Darling,2021,5,25.139306624851574
Murray Darling,2021,6,26.21691003469889
Murray Darling,2021,7,26.163536653059456
Murray Darling,2021,8,32.69651111140865
Murray Darling,2021,9,37.981863539149806
Murray Darling,2021,10,30.51546840824963
Murray Darling,2021,11,47.72029164416403
Murray Darling,2021,12,39.46628784441292
Murray Darling,2022,1,41.56817499740476
Murray Darling,2022,2,37.75672892189634
Murray Darling,2022,3,33.11911688595787
Murray Darling,2022,4,23.33140119979347
Murray Darling,2022,5,31.733871811505388
Murray Darling,2022,6,27.039091747687134
Murray Darling,2022,7,28.60170003405676
Murray Darling,2022,8,35.508472952735
Murray Darling,2022,9,49.26562679434933
Murray Darling,2022,10,44.71828648597453
Murray Darling,2022,11,54.676738182114626
Murray Darling,2022,12,37.05484104605131
Murray Darling,2023,1,33.228497486866665
Murray Darling,2023,2,27.454296025662146
Murray Darling,2023,3,25.86394508291756
Murray Darling,2023,4,18.920422678757117
Murray Darling,2023,5,21.922239717636028
Murray Darling,2023,6,22.862989722601196
Murray Darling,2023,7,25.068948543775583
Murray Darling,2023,8,27.8185759445571
Murray Darling,2023,9,30.3071325630225
Murray Darling,2023,10,19.44285092072099
Murray Darling,2023,11,27.788301934120785
Murray Darling,2023,12,27.261745270830648
Murray Darling,2024,1,42.21505179420093
Murray Darling,2024,2,37.55630330635122
Murray Darling,2024,3,29.1650610444888
Murray Darling,2024,4,29.09034114055255
Murray Darling,2024,5,21.11959727373945
Murray Darling,2024,6,26.77545220191063
Murray Darling,2024,7,27.50509525615649
Murray Darling,2024,8,38.37779136629119
Murray Darling,2024,9,39.45361738031518
Murray Darling,2024,10,33.3703477867771
Murray Darling,2024,11,25.593786970516025
Murray Darling,2024,12,36.89138341935653
Nile,2002,1,20.09381207476968
Nile,2002,2,15.577336403070465
Nile,2002,3,20.20154468340396
Nile,2002,4,18.444821289001325
Nile,2002,5,33.01892441143347
Nile,2002,6,43.44183002885146
Nile,2002,7,57.23942122036114
Nile,2002,8,70.68889503265245
Nile,2002,9,61.113828617948975
Nile,2002,10,34.874093641971974
Nile,2002,11,31.46881399401697
Nile,2002,12,21.30929968537409
Nile,2003,1,20.17745836699644
Nile,2003,2,14.854769882862216
Nile,2003,3,16.224653791636168
Nile,2003,4,17.67605798059522
Nile,2003,5,34.470403263490596
Nile,2003,6,53.30432114503483
Nile,2003,7,72.91707212352779
Nile,2003,8,85.86473426749727
Nile,2003,9,79.88727594336576
Nile,2003,10,42.34139352970664
Nile,2003,11,36.106637513806135
Nile,2003,12,21.412897085647447
Nile,2004,1,17.50619386500633
Nile,2004,2,15.22662326053386
Nile,2004,3,16.107066955624223
Nile,2004,4,30.750387920276673
Nile,2004,5,30.165225327213463
Nile,2004,6,51.11863414325188
Nile,2004,7,58.91444067263441
Nile,2004,8,76.25949061413881
Nile,2004,9,66.41108606501973
Nile,2004,10,46.85635877728366
Nile,2004,11,24.66821007608189
Nile,2004,12,22.52767825083633
Nile,2005,1,17.41578092404385
Nile,2005,2,13.302311690847674
Nile,2005,3,18.62113946632305
Nile,2005,4,18.40305122928822
Nile,2005,5,35.84222818503205
Nile,2005,6,54.661368971905766
Nile,2005,7,73.15144349602942
Nile,2005,8,80.36039263133199
Nile,2005,9,72.28874459353185
Nile,2005,10,39.5498850928116
Nile,2005,11,31.90889468201016
Nile,2005,12,15.06483772772542
Nile,2006,1,13.146349449599573
Nile,2006,2,11.618641708272971
Nile,2006,3,18.576049882719065
Nile,2006,4,18.34576681876646
Nile,2006,5,42.91273661799001
Nile,2006,6,54.284141928256375
Nile,2006,7,67.60442980038768
Nile,2006,8,81.16669704822478
Nile,2006,9,71.66241879212019
Nile,2006,10,39.69314168474092
Nile,2006,11,39.486510300390435
Nile,2006,12,26.938103281672856
Nile,2007,1,22.8558483607623
Nile,2007,2,18.708003450033015
Nile,2007,3,18.270313591167582
Nile,2007,4,19.048217357842873
Nile,2007,5,37.44987761976661
Nile,2007,6,56.88339929877027
Nile,2007,7,80.51572809841043
Nile,2007,8,88.04504875354127
Nile,2007,9,75.54902148205406
Nile,2007,10,41.02356422803115
Nile,2007,11,37.68529350518605
Nile,2007,12,19.00785097477847
Nile,2008,1,16.804513047962047
Nile,2008,2,14.653071700044398
Nile,2008,3,17.361455700268547
Nile,2008,4,33.441001711849566
Nile,2008,5,32.55028199620204
Nile,2008,6,52.60903970669137
Nile,2008,7,65.23737882207007
Nile,2008,8,77.61510155700638
Nile,2008,9,72.91742334368624
Nile,2008,10,50.95930443891152
Nile,2008,11,25.224267496343664
Nile,2008,12,20.022041831727908
Nile,2009,1,16.046750434149953
Nile,2009,2,16.527343113896432
Nile,2009,3,18.15935895736147
Nile,2009,4,24.70990539531033
Nile,2009,5,38.73275038912898
Nile,2009,6,47.24216086289827
Nile,2009,7,61.97100657387199
Nile,2009,8,72.69048765277957
Nile,2009,9,67.79084308659029
Nile,2009,10,36.76673085016333
Nile,2009,11,30.624489382959236
Nile,2009,12,20.66415664028818
Nile,2010,1,19.339496923321136
Nile,2010,2,17.741651197654335
Nile,2010,3,22.21971928784032
Nile,2010,4,19.84358312211869
Nile,2010,5,42.10487994224718
Nile,2010,6,52.8202273815384
Nile,2010,7,74.77119352696836
Nile,2010,8,88.55542782191635
Nile,2010,9,83.33636595252695
Nile,2010,10,49.13220367654392
Nile,2010,11,41.90416526744249
Nile,2010,12,22.76457378355259
Nile,2011,1,19.079102878844974
Nile,2011,2,13.739956916692275
Nile,2011,3,17.446724334188392
Nile,2011,4,20.51704076331949
Nile,2011,5,40.377739295653946
Nile,2011,6,56.76652482282241
Nile,2011,7,71.30294560501318
Nile,2011,8,84.87017985118865
Nile,2011,9,84.32552073266717
Nile,2011,10,49.20691603897306
Nile,2011,11,45.82862035865757
Nile,2011,12,28.05246945697338
Nile,2012,1,17.1924658035155
Nile,2012,2,11.615667151251216
Nile,2012,3,13.53814053886561
Nile,2012,4,26.58448475069157
Nile,2012,5,34.9908955508398
Nile,2012,6,58.88874578441837
Nile,2012,7,82.95955996967463
Nile,2012,8,93.37186913803473
Nile,2012,9,87.35829689606351
Nile,2012,10,63.727041621078705
Nile,2012,11,33.836708088603935
Nile,2012,12,30.710189995314547
Nile,2013,1,23.51616964108307
Nile,2013,2,18.697264451203363
Nile,2013,3,22.09202092146697
Nile,2013,4,20.457587769277207
Nile,2013,5,43.066600109397456
Nile,2013,6,53.22222333928511
Nile,2013,7,69.9391655857269
Nile,2013,8,92.53839880815174
Nile,2013,9,83.95430701594503
Nile,2013,10,48.782672006459414
Nile,2013,11,45.97183510112565
Nile,2013,12,26.044888137622728
Nile,2014,1,19.33585950925996
Nile,2014,2,15.941032198396746
Nile,2014,3,24.308077138809093
Nile,2014,4,29.29888093241412
Nile,2014,5,53.41375460916791
Nile,2014,6,60.32946607514318
Nile,2014,7,77.65588033395623
Nile,2014,8,89.80157726460389
Nile,2014,9,84.98210014446663
Nile,2014,10,52.4889742239803
Nile,2014,11,48.7458643814949
Nile,2014,12,28.42766110649531
Nile,2015,1,20.224342421923915
Nile,2015,2,14.829292612254068
Nile,2015,3,19.592952241569375
Nile,2015,4,23.41941801553962
Nile,2015,5,48.17579586735584
Nile,2015,6,60.39997965695999
Nile,2015,7,66.7368838078536
Nile,2015,8,78.0280948579469
Nile,2015,9,69.38397460372454
Nile,2015,10,41.199668089144645
Nile,2015,11,41.63924168335539
Nile,2015,12,30.21063403567611
Nile,2016,1,22.731374614408143
Nile,2016,2,16.767309132037045
Nile,2016,3,19.56650033269268
Nile,2016,4,33.21951408325689
Nile,2016,5,40.2446072533564
Nile,2016,6,61.15855623185036
Nile,2016,7,80.83383421951615
Nile,2016,8,88.89129983655207
Nile,2016,9,75.34310530861234
Nile,2016,10,51.39477147866591
Nile,2016,11,23.895152774031956
Nile,2016,12,21.42373335774326
Nile,2017,1,13.606157494057424
Nile,2017,2,15.653021380319572
Nile,2017,3,18.88214241980155
Nile,2017,4,20.677544397777428
Nile,2017,5,45.98348009705525
Nile,2017,6,58.84505157149464
Nile,2017,7,74.43702267723793
Nile,2017,8,87.83325229087698
Nile,2017,9,83.37292431727425
Nile,2017,10,47.99254465910045
Nile,2017,11,46.19477886893049
Nile,2017,12,22.404945172372074
Nile,2018,1,17.281463219418328
Nile,2018,2,15.037130082897146
Nile,2018,3,23.746349254047058
Nile,2018,4,25.59349083163146
Nile,2018,5,48.17810745979473
Nile,2018,6,64.04881689835399
Nile,2018,7,74.53591220908403
Nile,2018,8,81.94731279912364
Nile,2018,9,71.96152922100991
Nile,2018,10,41.756830377590106
Nile,2018,11,37.5317901076222
Nile,2018,12,24.09756349745009
Nile,2019,1,17.727518537045476
Nile,2019,2,15.187790197342371
Nile,2019,3,16.27491388181764
Nile,2019,4,20.31111263214403
Nile,2019,5,42.14918582355486
Nile,2019,6,66.38882109724132
Nile,2019,7,81.24727000156491
Nile,2019,8,92.71530943799416
Nile,2019,9,85.19796163350799
Nile,2019,10,55.22200955372906
Nile,2019,11,55.147792305317545
Nile,2019,12,37.80510562191592
Nile,2020,1,30.776656725326344
Nile,2020,2,24.88696703928166
Nile,2020,3,27.195263520731796
Nile,2020,4,34.51570964894015
Nile,2020,5,37.23871151413089
Nile,2020,6,61.770706734608424
Nile,2020,7,79.3433635737421
Nile,2020,8,96.72991482390586
Nile,2020,9,92.68352451115344
Nile,2020,10,69.68480258873174
Nile,2020,11,36.222414041024294
Nile,2020,12,30.748359759815184
Nile,2021,1,23.885876947781387
Nile,2021,2,19.26167747203461
Nile,2021,3,21.950932715345456
Nile,2021,4,23.50324258689628
Nile,2021,5,53.44167910888858
Nile,2021,6,64.15590646795708
Nile,2021,7,81.88181319235943
Nile,2021,8,91.86463341396656
Nile,2021,9,86.06584165276644
Nile,2021,10,51.7006221465012
Nile,2021,11,45.917846825388146
Nile,2021,12,27.015944742161352
Nile,2022,1,22.517341946300924
Nile,2022,2,18.88540561717693
Nile,2022,3,18.78737295564442
Nile,2022,4,22.34312328293282
Nile,2022,5,45.84153915879368
Nile,2022,6,58.96387316603178
Nile,2022,7,78.13693935844893
Nile,2022,8,92.96703582101924
Nile,2022,9,90.93321290337606
Nile,2022,10,53.1886425214592
Nile,2022,11,50.11736667564116
Nile,2022,12,30.86369804878997
Nile,2023,1,24.40622464082853
Nile,2023,2,16.23235976589335
Nile,2023,3,23.273222783744497
Nile,2023,4,26.970756883153527
Nile,2023,5,46.226725926004434
Nile,2023,6,64.31401862966166
Nile,2023,7,77.02679508421595
Nile,2023,8,83.50728352070048
Nile,2023,9,77.512282589034
Nile,2023,10,45.43441192350227
Nile,2023,11,51.708547094445194
Nile,2023,12,32.26238350666553
Nile,2024,1,24.821643984772138
Nile,2024,2,22.4552060890764
Nile,2024,3,23.97962671222163
Nile,2024,4,32.43254341047869
Nile,2024,5,31.76305438492119
Nile,2024,6,56.32446166749914
Nile,2024,7,74.1552066942503
Nile,2024,8,92.32777197499254
Nile,2024,9,85.94184140005896
Nile,2024,10,67.07781009193143
Nile,2024,11,35.80321634615714
Nile,2024,12,30.190622883000124
Yangtze Basin,2002,1,30.47909309781083
Yangtze Basin,2002,2,37.545563360638496
Yangtze Basin,2002,3,45.19231791323714
Yangtze Basin,2002,4,40.032115006627805
Yangtze Basin,2002,5,69.86017504006328
Yangtze Basin,2002,6,90.27796319849618
Yangtze Basin,2002,7,103.33273382789834
Yangtze Basin,2002,8,91.03428756615912
Yangtze Basin,2002,9,62.527852518334214
Yangtze Basin,2002,10,33.30786711818608
Yangtze Basin,2002,11,35.08739841403213
Yangtze Basin,2002,12,27.453160218198004
Yangtze Basin,2003,1,31.095954144245862
Yangtze Basin,2003,2,39.0853511913849
Yangtze Basin,2003,3,46.5780368576098
Yangtze Basin,2003,4,41.033821748768766
Yangtze Basin,2003,5,74.3226288010689
Yangtze Basin,2003,6,88.63047407608335
Yangtze Basin,2003,7,107.15051309082794
Yangtze Basin,2003,8,99.77997689251907
Yangtze Basin,2003,9,71.44168362497189
Yangtze Basin,2003,10,34.36280129046626
Yangtze Basin,2003,11,35.70051355309084
Yangtze Basin,2003,12,26.852541469383073
Yangtze Basin,2004,1,28.649373101309923
Yangtze Basin,2004,2,31.23099361102203
Yangtze Basin,2004,3,37.51364370657251
Yangtze Basin,2004,4,52.870942763811215
Yangtze Basin,2004,5,48.99688920798625
Yangtze Basin,2004,6,84.37003531518572
Yangtze Basin,2004,7,99.04796475927738
Yangtze Basin,2004,8,95.77476379237986
Yangtze Basin,2004,9,67.94448927749497
Yangtze Basin,2004,10,42.9004350363608
Yangtze Basin,2004,11,25.247020876297007
Yangtze Basin,2004,12,26.457765020449106
Yangtze Basin,2005,1,31.061690090183692
Yangtze Basin,2005,2,38.31415488962693
Yangtze Basin,2005,3,46.348803986379814
Yangtze Basin,2005,4,42.59668778041418
Yangtze Basin,2005,5,74.95217027796437
Yangtze Basin,2005,6,91.66823566935317
Yangtze Basin,2005,7,104.61511399672084
Yangtze Basin,2005,8,95.81213584785212
Yangtze Basin,2005,9,78.31043848805827
Yangtze Basin,2005,10,35.037496589783764
Yangtze Basin,2005,11,37.05690978305837
Yangtze Basin,2005,12,24.64327298866494
Yangtze Basin,2006,1,31.214460361060443
Yangtze Basin,2006,2,39.328890303188444
Yangtze Basin,2006,3,46.94820511553576
Yangtze Basin,2006,4,41.16945326685732
Yangtze Basin,2006,5,68.82864052939495
Yangtze Basin,2006,6,89.94016320863577
Yangtze Basin,2006,7,104.58015996552088
Yangtze Basin,2006,8,93.1114839719174
Yangtze Basin,2006,9,63.6660891083646
Yangtze Basin,2006,10,35.835389100096215
Yangtze Basin,2006,11,33.34081002584294
Yangtze Basin,2006,12,25.057074406921483
Yangtze Basin,2007,1,28.41196154608623
Yangtze Basin,2007,2,37.49821820091072
Yangtze Basin,2007,3,43.20613646860632
Yangtze Basin,2007,4,38.021566419926096
Yangtze Basin,2007,5,67.39929380000429
Yangtze Basin,2007,6,87.96088133880292
Yangtze Basin,2007,7,102.0431949369143
Yangtze Basin,2007,8,100.04712483952794
Yangtze Basin,2007,9,75.32886595059537
Yangtze Basin,2007,10,34.68223906922386
Yangtze Basin,2007,11,32.44194651306032
Yangtze Basin,2007,12,25.507693537888557
Yangtze Basin,2008,1,29.35743318979288
Yangtze Basin,2008,2,33.97596135887789
Yangtze Basin,2008,3,44.94279300236761
Yangtze Basin,2008,4,58.24256809984867
Yangtze Basin,2008,5,54.29680517778643
Yangtze Basin,2008,6,88.81538905543268
Yangtze Basin,2008,7,104.31014344127524
Yangtze Basin,2008,8,94.08210618467534
Yangtze Basin,2008,9,78.90172865668009
Yangtze Basin,2008,10,47.964009519129654
Yangtze Basin,2008,11,24.578611335459808
Yangtze Basin,2008,12,26.83256172796282
Yangtze Basin,2009,1,29.620957441144448
Yangtze Basin,2009,2,38.119810313938096
Yangtze Basin,2009,3,45.86414624891512
Yangtze Basin,2009,4,42.65788554287326
Yangtze Basin,2009,5,74.71083068127543
Yangtze Basin,2009,6,89.79316953030872
Yangtze Basin,2009,7,108.21691240447169
Yangtze Basin,2009,8,103.89782986200612
Yangtze Basin,2009,9,75.05222286990413
Yangtze Basin,2009,10,36.154120027976326
Yangtze Basin,2009,11,33.45150949551734
Yangtze Basin,2009,12,25.841344910214712
Yangtze Basin,2010,1,30.504167170740654
Yangtze Basin,2010,2,36.75500657254686
Yangtze Basin,2010,3,42.60716131677325
Yangtze Basin,2010,4,39.58678491484815
Yangtze Basin,2010,5,71.4955360212479
Yangtze Basin,2010,6,92.48464248893583
Yangtze Basin,2010,7,104.41592756144703
Yangtze Basin,2010,8,99.00304025455844
Yangtze Basin,2010,9,77.83248729796954
Yangtze Basin,2010,10,37.74351865234675
Yangtze Basin,2010,11,35.598768542235256
Yangtze Basin,2010,12,24.89087377464267
Yangtze Basin,2011,1,28.675128658853644
Yangtze Basin,2011,2,37.96839381461044
Yangtze Basin,2011,3,43.554275894129155
Yangtze Basin,2011,4,41.61488905049156
Yangtze Basin,2011,5,70.97824457214438
Yangtze Basin,2011,6,94.98193877712588
Yangtze Basin,2011,7,102.57984076402036
Yangtze Basin,2011,8,98.72260312251352
Yangtze Basin,2011,9,69.97697360949896
Yangtze Basin,2011,10,37.819105112189185
Yangtze Basin,2011,11,38.31086546738498
Yangtze Basin,2011,12,25.551877825458902
Yangtze Basin,2012,1,28.587026554414063
Yangtze Basin,2012,2,33.004541785839855
Yangtze Basin,2012,3,39.15678957266072
Yangtze Basin,2012,4,60.648514185594514
Yangtze Basin,2012,5,55.980113471808224
Yangtze Basin,2012,6,92.33509992426865
Yangtze Basin,2012,7,110.70822810413117
Yangtze Basin,2012,8,101.21949780544428
Yangtze Basin,2012,9,72.95130894565288
Yangtze Basin,2012,10,48.105820275740705
Yangtze Basin,2012,11,25.38069234989097
Yangtze Basin,2012,12,26.565609232745736
Yangtze Basin,2013,1,31.435203888848672
Yangtze Basin,2013,2,38.40153067953045
Yangtze Basin,2013,3,46.07550846871126
Yangtze Basin,2013,4,43.99331361265861
Yangtze Basin,2013,5,79.2538178694764
Yangtze Basin,2013,6,100.88564226441407
Yangtze Basin,2013,7,111.03384058296211
Yangtze Basin,2013,8,94.40438578180176
Yangtze Basin,2013,9,75.71024889546068
Yangtze Basin,2013,10,36.588603663367635
Yangtze Basin,2013,11,35.367760216834476
Yangtze Basin,2013,12,23.929052487796294
Yangtze Basin,2014,1,28.885942414458707
Yangtze Basin,2014,2,37.596224282628114
Yangtze Basin,2014,3,47.387515090684616
Yangtze Basin,2014,4,49.31364731749933
Yangtze Basin,2014,5,74.84081431717941
Yangtze Basin,2014,6,91.26125358090736
Yangtze Basin,2014,7,109.92266666022356
Yangtze Basin,2014,8,96.0829496820815
Yangtze Basin,2014,9,81.7905681493492
Yangtze Basin,2014,10,40.2639918004486
Yangtze Basin,2014,11,37.7568524454751
Yangtze Basin,2014,12,25.31374768831311
Yangtze Basin,2015,1,30.821321054280553
Yangtze Basin,2015,2,38.504152907902366
Yangtze Basin,2015,3,53.64474269336127
Yangtze Basin,2015,4,47.24959198681176
Yangtze Basin,2015,5,83.51334479961288
Yangtze Basin,2015,6,97.88956488446456
Yangtze Basin,2015,7,103.6893237654218
Yangtze Basin,2015,8,96.97799420063484
Yangtze Basin,2015,9,75.61354779950975
Yangtze Basin,2015,10,37.78827026169626
Yangtze Basin,2015,11,37.8343322857776
Yangtze Basin,2015,12,26.44216598092914
Yangtze Basin,2016,1,30.151642827684288
Yangtze Basin,2016,2,37.33294936627275
Yangtze Basin,2016,3,48.34890886778894
Yangtze Basin,2016,4,66.64670995867608
Yangtze Basin,2016,5,62.66740887784378
Yangtze Basin,2016,6,97.4188078817201
Yangtze Basin,2016,7,111.28865188760928
Yangtze Basin,2016,8,102.39253919006674
Yangtze Basin,2016,9,78.43543555299522
Yangtze Basin,2016,10,53.4117581689113
Yangtze Basin,2016,11,28.339685602344975
Yangtze Basin,2016,12,29.279679054629973
Yangtze Basin,2017,1,32.20010435031387
Yangtze Basin,2017,2,39.47413804111622
Yangtze Basin,2017,3,50.96326315506536
Yangtze Basin,2017,4,49.341991120089496
Yangtze Basin,2017,5,82.33061380203338
Yangtze Basin,2017,6,97.52598865604334
Yangtze Basin,2017,7,110.46496302631029
Yangtze Basin,2017,8,103.564973600658
Yangtze Basin,2017,9,83.86493083878527
Yangtze Basin,2017,10,41.48238483678199
Yangtze Basin,2017,11,37.68044095301603
Yangtze Basin,2017,12,25.97420491968064
Yangtze Basin,2018,1,30.22326645950273
Yangtze Basin,2018,2,40.40872819724746
Yangtze Basin,2018,3,49.93983148108495
Yangtze Basin,2018,4,49.684250562872414
Yangtze Basin,2018,5,84.05787696513356
Yangtze Basin,2018,6,101.523817028397
Yangtze Basin,2018,7,110.2890441736945
Yangtze Basin,2018,8,107.38890530144216
Yangtze Basin,2018,9,73.38521797956267
Yangtze Basin,2018,10,35.54284821094899
Yangtze Basin,2018,11,37.03624234115936
Yangtze Basin,2018,12,25.713222165226544
Yangtze Basin,2019,1,30.480910493764863
Yangtze Basin,2019,2,38.28032992654968
Yangtze Basin,2019,3,49.475067528800416
Yangtze Basin,2019,4,50.07383493924672
Yangtze Basin,2019,5,80.51196256147227
Yangtze Basin,2019,6,96.54954528009505
Yangtze Basin,2019,7,107.10941663269224
Yangtze Basin,2019,8,102.366240107373
Yangtze Basin,2019,9,76.64792352680294
Yangtze Basin,2019,10,37.28096247585811
Yangtze Basin,2019,11,36.92645752447226
Yangtze Basin,2019,12,25.85185849655489
Yangtze Basin,2020,1,30.948480709863425
Yangtze Basin,2020,2,40.632212339727744
Yangtze Basin,2020,3,50.05145368690034
Yangtze Basin,2020,4,67.05194296524209
Yangtze Basin,2020,5,60.7452594498469
Yangtze Basin,2020,6,100.18809564880527
Yangtze Basin,2020,7,109.47728815028889
Yangtze Basin,2020,8,106.34495913655104
Yangtze Basin,2020,9,74.32038679350619
Yangtze Basin,2020,10,50.26276082751881
Yangtze Basin,2020,11,27.475143834486783
Yangtze Basin,2020,12,27.31002138124132
Yangtze Basin,2021,1,29.80512052412102
Yangtze Basin,2021,2,39.93629869030639
Yangtze Basin,2021,3,51.00219716880822
Yangtze Basin,2021,4,48.13070775619415
Yangtze Basin,2021,5,82.9285915001099
Yangtze Basin,2021,6,100.30144957052194
Yangtze Basin,2021,7,112.423700820297
Yangtze Basin,2021,8,103.12254346013802
Yangtze Basin,2021,9,86.70941911836346
Yangtze Basin,2021,10,38.953933322378134
Yangtze Basin,2021,11,36.44891461167887
Yangtze Basin,2021,12,26.650633305415397
Yangtze Basin,2022,1,30.16014423587547
Yangtze Basin,2022,2,39.00711916887114
Yangtze Basin,2022,3,52.36266539117779
Yangtze Basin,2022,4,50.936616504801385
Yangtze Basin,2022,5,81.64421045430574
Yangtze Basin,2022,6,99.15164871924156
Yangtze Basin,2022,7,108.84331896371144
Yangtze Basin,2022,8,96.25601295653654
Yangtze Basin,2022,9,71.36039489151324
Yangtze Basin,2022,10,36.73402586935269
Yangtze Basin,2022,11,38.961953643099704
Yangtze Basin,2022,12,24.32139732482
Yangtze Basin,2023,1,28.680679603446663
Yangtze Basin,2023,2,36.84482530785035
Yangtze Basin,2023,3,48.7553098654404
Yangtze Basin,2023,4,45.39042128171901
Yangtze Basin,2023,5,80.47339532740833
Yangtze Basin,2023,6,93.92509662319792
Yangtze Basin,2023,7,105.77560025323235
Yangtze Basin,2023,8,101.91000165583688
Yangtze Basin,2023,9,82.57504681386779
Yangtze Basin,2023,10,41.58813489777461
Yangtze Basin,2023,11,37.85608583205327
Yangtze Basin,2023,12,27.326002452824753
Yangtze Basin,2024,1,31.233492344547862
Yangtze Basin,2024,2,40.40457761456798
Yangtze Basin,2024,3,51.49518773957262
Yangtze Basin,2024,4,68.32830085711704
Yangtze Basin,2024,5,62.864771071193005
Yangtze Basin,2024,6,95.25749343576663
Yangtze Basin,2024,7,112.57278888840165
Yangtze Basin,2024,8,99.48067664837772
Yangtze Basin,2024,9,79.65097008426623
Yangtze Basin,2024,10,51.124896469538214
Yangtze Basin,2024,11,26.69712805975487
Yangtze Basin,2024,12,25.792552831560887
